# code|package|url|sha256|display_name
ab|influent-language-pack-all_0.2.1_all.deb|https://github.com/JesusQuijada34/danenone/releases/download/language-packs-v0.2.1|30f1045bb9d0d8755d6553d4cad5a2ede3ef0b12e25aa9fa53d973dee1c0c00c|Abkhazian
ace|influent-language-pack-all_0.2.1_all.deb|https://github.com/JesusQuijada34/danenone/releases/download/language-packs-v0.2.1|30f1045bb9d0d8755d6553d4cad5a2ede3ef0b12e25aa9fa53d973dee1c0c00c|Acehnese
ach|influent-language-pack-all_0.2.1_all.deb|https://github.com/JesusQuijada34/danenone/releases/download/language-packs-v0.2.1|30f1045bb9d0d8755d6553d4cad5a2ede3ef0b12e25aa9fa53d973dee1c0c00c|Acoli
ada|influent-language-pack-all_0.2.1_all.deb|https://github.com/JesusQuijada34/danenone/releases/download/language-packs-v0.2.1|30f1045bb9d0d8755d6553d4cad5a2ede3ef0b12e25aa9fa53d973dee1c0c00c|Adangme
ady|influent-language-pack-all_0.2.1_all.deb|https://github.com/JesusQuijada34/danenone/releases/download/language-packs-v0.2.1|30f1045bb9d0d8755d6553d4cad5a2ede3ef0b12e25aa9fa53d973dee1c0c00c|Adyghe
aa|influent-language-pack-all_0.2.1_all.deb|https://github.com/JesusQuijada34/danenone/releases/download/language-packs-v0.2.1|30f1045bb9d0d8755d6553d4cad5a2ede3ef0b12e25aa9fa53d973dee1c0c00c|Afar
afh|influent-language-pack-all_0.2.1_all.deb|https://github.com/JesusQuijada34/danenone/releases/download/language-packs-v0.2.1|30f1045bb9d0d8755d6553d4cad5a2ede3ef0b12e25aa9fa53d973dee1c0c00c|Afrihili
af|influent-language-pack-all_0.2.1_all.deb|https://github.com/JesusQuijada34/danenone/releases/download/language-packs-v0.2.1|30f1045bb9d0d8755d6553d4cad5a2ede3ef0b12e25aa9fa53d973dee1c0c00c|Afrikaans
agq|influent-language-pack-all_0.2.1_all.deb|https://github.com/JesusQuijada34/danenone/releases/download/language-packs-v0.2.1|30f1045bb9d0d8755d6553d4cad5a2ede3ef0b12e25aa9fa53d973dee1c0c00c|Aghem
ain|influent-language-pack-all_0.2.1_all.deb|https://github.com/JesusQuijada34/danenone/releases/download/language-packs-v0.2.1|30f1045bb9d0d8755d6553d4cad5a2ede3ef0b12e25aa9fa53d973dee1c0c00c|Ainu
ak|influent-language-pack-all_0.2.1_all.deb|https://github.com/JesusQuijada34/danenone/releases/download/language-packs-v0.2.1|30f1045bb9d0d8755d6553d4cad5a2ede3ef0b12e25aa9fa53d973dee1c0c00c|Akan
akk|influent-language-pack-all_0.2.1_all.deb|https://github.com/JesusQuijada34/danenone/releases/download/language-packs-v0.2.1|30f1045bb9d0d8755d6553d4cad5a2ede3ef0b12e25aa9fa53d973dee1c0c00c|Akkadian
bss|influent-language-pack-all_0.2.1_all.deb|https://github.com/JesusQuijada34/danenone/releases/download/language-packs-v0.2.1|30f1045bb9d0d8755d6553d4cad5a2ede3ef0b12e25aa9fa53d973dee1c0c00c|Akoose
akz|influent-language-pack-all_0.2.1_all.deb|https://github.com/JesusQuijada34/danenone/releases/download/language-packs-v0.2.1|30f1045bb9d0d8755d6553d4cad5a2ede3ef0b12e25aa9fa53d973dee1c0c00c|Alabama
sq|influent-language-pack-all_0.2.1_all.deb|https://github.com/JesusQuijada34/danenone/releases/download/language-packs-v0.2.1|30f1045bb9d0d8755d6553d4cad5a2ede3ef0b12e25aa9fa53d973dee1c0c00c|Albanian
ale|influent-language-pack-all_0.2.1_all.deb|https://github.com/JesusQuijada34/danenone/releases/download/language-packs-v0.2.1|30f1045bb9d0d8755d6553d4cad5a2ede3ef0b12e25aa9fa53d973dee1c0c00c|Aleut
arq|influent-language-pack-all_0.2.1_all.deb|https://github.com/JesusQuijada34/danenone/releases/download/language-packs-v0.2.1|30f1045bb9d0d8755d6553d4cad5a2ede3ef0b12e25aa9fa53d973dee1c0c00c|Algerian Arabic
ase|influent-language-pack-all_0.2.1_all.deb|https://github.com/JesusQuijada34/danenone/releases/download/language-packs-v0.2.1|30f1045bb9d0d8755d6553d4cad5a2ede3ef0b12e25aa9fa53d973dee1c0c00c|American Sign Language
am|influent-language-pack-all_0.2.1_all.deb|https://github.com/JesusQuijada34/danenone/releases/download/language-packs-v0.2.1|30f1045bb9d0d8755d6553d4cad5a2ede3ef0b12e25aa9fa53d973dee1c0c00c|Amharic
egy|influent-language-pack-all_0.2.1_all.deb|https://github.com/JesusQuijada34/danenone/releases/download/language-packs-v0.2.1|30f1045bb9d0d8755d6553d4cad5a2ede3ef0b12e25aa9fa53d973dee1c0c00c|Ancient Egyptian
grc|influent-language-pack-all_0.2.1_all.deb|https://github.com/JesusQuijada34/danenone/releases/download/language-packs-v0.2.1|30f1045bb9d0d8755d6553d4cad5a2ede3ef0b12e25aa9fa53d973dee1c0c00c|Ancient Greek
anp|influent-language-pack-all_0.2.1_all.deb|https://github.com/JesusQuijada34/danenone/releases/download/language-packs-v0.2.1|30f1045bb9d0d8755d6553d4cad5a2ede3ef0b12e25aa9fa53d973dee1c0c00c|Angika
blo|influent-language-pack-all_0.2.1_all.deb|https://github.com/JesusQuijada34/danenone/releases/download/language-packs-v0.2.1|30f1045bb9d0d8755d6553d4cad5a2ede3ef0b12e25aa9fa53d973dee1c0c00c|Anii
njo|influent-language-pack-all_0.2.1_all.deb|https://github.com/JesusQuijada34/danenone/releases/download/language-packs-v0.2.1|30f1045bb9d0d8755d6553d4cad5a2ede3ef0b12e25aa9fa53d973dee1c0c00c|Ao Naga
ar|influent-language-pack-all_0.2.1_all.deb|https://github.com/JesusQuijada34/danenone/releases/download/language-packs-v0.2.1|30f1045bb9d0d8755d6553d4cad5a2ede3ef0b12e25aa9fa53d973dee1c0c00c|Arabic
an|influent-language-pack-all_0.2.1_all.deb|https://github.com/JesusQuijada34/danenone/releases/download/language-packs-v0.2.1|30f1045bb9d0d8755d6553d4cad5a2ede3ef0b12e25aa9fa53d973dee1c0c00c|Aragonese
arc|influent-language-pack-all_0.2.1_all.deb|https://github.com/JesusQuijada34/danenone/releases/download/language-packs-v0.2.1|30f1045bb9d0d8755d6553d4cad5a2ede3ef0b12e25aa9fa53d973dee1c0c00c|Aramaic
aro|influent-language-pack-all_0.2.1_all.deb|https://github.com/JesusQuijada34/danenone/releases/download/language-packs-v0.2.1|30f1045bb9d0d8755d6553d4cad5a2ede3ef0b12e25aa9fa53d973dee1c0c00c|Araona
arp|influent-language-pack-all_0.2.1_all.deb|https://github.com/JesusQuijada34/danenone/releases/download/language-packs-v0.2.1|30f1045bb9d0d8755d6553d4cad5a2ede3ef0b12e25aa9fa53d973dee1c0c00c|Arapaho
arw|influent-language-pack-all_0.2.1_all.deb|https://github.com/JesusQuijada34/danenone/releases/download/language-packs-v0.2.1|30f1045bb9d0d8755d6553d4cad5a2ede3ef0b12e25aa9fa53d973dee1c0c00c|Arawak
hy|influent-language-pack-all_0.2.1_all.deb|https://github.com/JesusQuijada34/danenone/releases/download/language-packs-v0.2.1|30f1045bb9d0d8755d6553d4cad5a2ede3ef0b12e25aa9fa53d973dee1c0c00c|Armenian
rup|influent-language-pack-all_0.2.1_all.deb|https://github.com/JesusQuijada34/danenone/releases/download/language-packs-v0.2.1|30f1045bb9d0d8755d6553d4cad5a2ede3ef0b12e25aa9fa53d973dee1c0c00c|Aromanian
frp|influent-language-pack-all_0.2.1_all.deb|https://github.com/JesusQuijada34/danenone/releases/download/language-packs-v0.2.1|30f1045bb9d0d8755d6553d4cad5a2ede3ef0b12e25aa9fa53d973dee1c0c00c|Arpitan
as|influent-language-pack-all_0.2.1_all.deb|https://github.com/JesusQuijada34/danenone/releases/download/language-packs-v0.2.1|30f1045bb9d0d8755d6553d4cad5a2ede3ef0b12e25aa9fa53d973dee1c0c00c|Assamese
ast|influent-language-pack-all_0.2.1_all.deb|https://github.com/JesusQuijada34/danenone/releases/download/language-packs-v0.2.1|30f1045bb9d0d8755d6553d4cad5a2ede3ef0b12e25aa9fa53d973dee1c0c00c|Asturian
asa|influent-language-pack-all_0.2.1_all.deb|https://github.com/JesusQuijada34/danenone/releases/download/language-packs-v0.2.1|30f1045bb9d0d8755d6553d4cad5a2ede3ef0b12e25aa9fa53d973dee1c0c00c|Asu
atj|influent-language-pack-all_0.2.1_all.deb|https://github.com/JesusQuijada34/danenone/releases/download/language-packs-v0.2.1|30f1045bb9d0d8755d6553d4cad5a2ede3ef0b12e25aa9fa53d973dee1c0c00c|Atikamekw
cch|influent-language-pack-all_0.2.1_all.deb|https://github.com/JesusQuijada34/danenone/releases/download/language-packs-v0.2.1|30f1045bb9d0d8755d6553d4cad5a2ede3ef0b12e25aa9fa53d973dee1c0c00c|Atsam
av|influent-language-pack-all_0.2.1_all.deb|https://github.com/JesusQuijada34/danenone/releases/download/language-packs-v0.2.1|30f1045bb9d0d8755d6553d4cad5a2ede3ef0b12e25aa9fa53d973dee1c0c00c|Avaric
ae|influent-language-pack-all_0.2.1_all.deb|https://github.com/JesusQuijada34/danenone/releases/download/language-packs-v0.2.1|30f1045bb9d0d8755d6553d4cad5a2ede3ef0b12e25aa9fa53d973dee1c0c00c|Avestan
awa|influent-language-pack-all_0.2.1_all.deb|https://github.com/JesusQuijada34/danenone/releases/download/language-packs-v0.2.1|30f1045bb9d0d8755d6553d4cad5a2ede3ef0b12e25aa9fa53d973dee1c0c00c|Awadhi
ay|influent-language-pack-all_0.2.1_all.deb|https://github.com/JesusQuijada34/danenone/releases/download/language-packs-v0.2.1|30f1045bb9d0d8755d6553d4cad5a2ede3ef0b12e25aa9fa53d973dee1c0c00c|Aymara
az|influent-language-pack-all_0.2.1_all.deb|https://github.com/JesusQuijada34/danenone/releases/download/language-packs-v0.2.1|30f1045bb9d0d8755d6553d4cad5a2ede3ef0b12e25aa9fa53d973dee1c0c00c|Azerbaijani
bfq|influent-language-pack-all_0.2.1_all.deb|https://github.com/JesusQuijada34/danenone/releases/download/language-packs-v0.2.1|30f1045bb9d0d8755d6553d4cad5a2ede3ef0b12e25aa9fa53d973dee1c0c00c|Badaga
ksf|influent-language-pack-all_0.2.1_all.deb|https://github.com/JesusQuijada34/danenone/releases/download/language-packs-v0.2.1|30f1045bb9d0d8755d6553d4cad5a2ede3ef0b12e25aa9fa53d973dee1c0c00c|Bafia
bfd|influent-language-pack-all_0.2.1_all.deb|https://github.com/JesusQuijada34/danenone/releases/download/language-packs-v0.2.1|30f1045bb9d0d8755d6553d4cad5a2ede3ef0b12e25aa9fa53d973dee1c0c00c|Bafut
bqi|influent-language-pack-all_0.2.1_all.deb|https://github.com/JesusQuijada34/danenone/releases/download/language-packs-v0.2.1|30f1045bb9d0d8755d6553d4cad5a2ede3ef0b12e25aa9fa53d973dee1c0c00c|Bakhtiari
ban|influent-language-pack-all_0.2.1_all.deb|https://github.com/JesusQuijada34/danenone/releases/download/language-packs-v0.2.1|30f1045bb9d0d8755d6553d4cad5a2ede3ef0b12e25aa9fa53d973dee1c0c00c|Balinese
bal|influent-language-pack-all_0.2.1_all.deb|https://github.com/JesusQuijada34/danenone/releases/download/language-packs-v0.2.1|30f1045bb9d0d8755d6553d4cad5a2ede3ef0b12e25aa9fa53d973dee1c0c00c|Baluchi
bm|influent-language-pack-all_0.2.1_all.deb|https://github.com/JesusQuijada34/danenone/releases/download/language-packs-v0.2.1|30f1045bb9d0d8755d6553d4cad5a2ede3ef0b12e25aa9fa53d973dee1c0c00c|Bambara
bax|influent-language-pack-all_0.2.1_all.deb|https://github.com/JesusQuijada34/danenone/releases/download/language-packs-v0.2.1|30f1045bb9d0d8755d6553d4cad5a2ede3ef0b12e25aa9fa53d973dee1c0c00c|Bamun
bn|influent-language-pack-all_0.2.1_all.deb|https://github.com/JesusQuijada34/danenone/releases/download/language-packs-v0.2.1|30f1045bb9d0d8755d6553d4cad5a2ede3ef0b12e25aa9fa53d973dee1c0c00c|Bangla
bjn|influent-language-pack-all_0.2.1_all.deb|https://github.com/JesusQuijada34/danenone/releases/download/language-packs-v0.2.1|30f1045bb9d0d8755d6553d4cad5a2ede3ef0b12e25aa9fa53d973dee1c0c00c|Banjar
bas|influent-language-pack-all_0.2.1_all.deb|https://github.com/JesusQuijada34/danenone/releases/download/language-packs-v0.2.1|30f1045bb9d0d8755d6553d4cad5a2ede3ef0b12e25aa9fa53d973dee1c0c00c|Basaa
ba|influent-language-pack-all_0.2.1_all.deb|https://github.com/JesusQuijada34/danenone/releases/download/language-packs-v0.2.1|30f1045bb9d0d8755d6553d4cad5a2ede3ef0b12e25aa9fa53d973dee1c0c00c|Bashkir
eu|influent-language-pack-all_0.2.1_all.deb|https://github.com/JesusQuijada34/danenone/releases/download/language-packs-v0.2.1|30f1045bb9d0d8755d6553d4cad5a2ede3ef0b12e25aa9fa53d973dee1c0c00c|Basque
bbc|influent-language-pack-all_0.2.1_all.deb|https://github.com/JesusQuijada34/danenone/releases/download/language-packs-v0.2.1|30f1045bb9d0d8755d6553d4cad5a2ede3ef0b12e25aa9fa53d973dee1c0c00c|Batak Toba
bar|influent-language-pack-all_0.2.1_all.deb|https://github.com/JesusQuijada34/danenone/releases/download/language-packs-v0.2.1|30f1045bb9d0d8755d6553d4cad5a2ede3ef0b12e25aa9fa53d973dee1c0c00c|Bavarian
bej|influent-language-pack-all_0.2.1_all.deb|https://github.com/JesusQuijada34/danenone/releases/download/language-packs-v0.2.1|30f1045bb9d0d8755d6553d4cad5a2ede3ef0b12e25aa9fa53d973dee1c0c00c|Beja
be|influent-language-pack-all_0.2.1_all.deb|https://github.com/JesusQuijada34/danenone/releases/download/language-packs-v0.2.1|30f1045bb9d0d8755d6553d4cad5a2ede3ef0b12e25aa9fa53d973dee1c0c00c|Belarusian
bem|influent-language-pack-all_0.2.1_all.deb|https://github.com/JesusQuijada34/danenone/releases/download/language-packs-v0.2.1|30f1045bb9d0d8755d6553d4cad5a2ede3ef0b12e25aa9fa53d973dee1c0c00c|Bemba
bez|influent-language-pack-all_0.2.1_all.deb|https://github.com/JesusQuijada34/danenone/releases/download/language-packs-v0.2.1|30f1045bb9d0d8755d6553d4cad5a2ede3ef0b12e25aa9fa53d973dee1c0c00c|Bena
bew|influent-language-pack-all_0.2.1_all.deb|https://github.com/JesusQuijada34/danenone/releases/download/language-packs-v0.2.1|30f1045bb9d0d8755d6553d4cad5a2ede3ef0b12e25aa9fa53d973dee1c0c00c|Betawi
bho|influent-language-pack-all_0.2.1_all.deb|https://github.com/JesusQuijada34/danenone/releases/download/language-packs-v0.2.1|30f1045bb9d0d8755d6553d4cad5a2ede3ef0b12e25aa9fa53d973dee1c0c00c|Bhojpuri
bik|influent-language-pack-all_0.2.1_all.deb|https://github.com/JesusQuijada34/danenone/releases/download/language-packs-v0.2.1|30f1045bb9d0d8755d6553d4cad5a2ede3ef0b12e25aa9fa53d973dee1c0c00c|Bikol
bin|influent-language-pack-all_0.2.1_all.deb|https://github.com/JesusQuijada34/danenone/releases/download/language-packs-v0.2.1|30f1045bb9d0d8755d6553d4cad5a2ede3ef0b12e25aa9fa53d973dee1c0c00c|Bini
bpy|influent-language-pack-all_0.2.1_all.deb|https://github.com/JesusQuijada34/danenone/releases/download/language-packs-v0.2.1|30f1045bb9d0d8755d6553d4cad5a2ede3ef0b12e25aa9fa53d973dee1c0c00c|Bishnupriya
bi|influent-language-pack-all_0.2.1_all.deb|https://github.com/JesusQuijada34/danenone/releases/download/language-packs-v0.2.1|30f1045bb9d0d8755d6553d4cad5a2ede3ef0b12e25aa9fa53d973dee1c0c00c|Bislama
byn|influent-language-pack-all_0.2.1_all.deb|https://github.com/JesusQuijada34/danenone/releases/download/language-packs-v0.2.1|30f1045bb9d0d8755d6553d4cad5a2ede3ef0b12e25aa9fa53d973dee1c0c00c|Blin
zbl|influent-language-pack-all_0.2.1_all.deb|https://github.com/JesusQuijada34/danenone/releases/download/language-packs-v0.2.1|30f1045bb9d0d8755d6553d4cad5a2ede3ef0b12e25aa9fa53d973dee1c0c00c|Blissymbols
brx|influent-language-pack-all_0.2.1_all.deb|https://github.com/JesusQuijada34/danenone/releases/download/language-packs-v0.2.1|30f1045bb9d0d8755d6553d4cad5a2ede3ef0b12e25aa9fa53d973dee1c0c00c|Bodo
bs|influent-language-pack-all_0.2.1_all.deb|https://github.com/JesusQuijada34/danenone/releases/download/language-packs-v0.2.1|30f1045bb9d0d8755d6553d4cad5a2ede3ef0b12e25aa9fa53d973dee1c0c00c|Bosnian
brh|influent-language-pack-all_0.2.1_all.deb|https://github.com/JesusQuijada34/danenone/releases/download/language-packs-v0.2.1|30f1045bb9d0d8755d6553d4cad5a2ede3ef0b12e25aa9fa53d973dee1c0c00c|Brahui
bra|influent-language-pack-all_0.2.1_all.deb|https://github.com/JesusQuijada34/danenone/releases/download/language-packs-v0.2.1|30f1045bb9d0d8755d6553d4cad5a2ede3ef0b12e25aa9fa53d973dee1c0c00c|Braj
br|influent-language-pack-all_0.2.1_all.deb|https://github.com/JesusQuijada34/danenone/releases/download/language-packs-v0.2.1|30f1045bb9d0d8755d6553d4cad5a2ede3ef0b12e25aa9fa53d973dee1c0c00c|Breton
bug|influent-language-pack-all_0.2.1_all.deb|https://github.com/JesusQuijada34/danenone/releases/download/language-packs-v0.2.1|30f1045bb9d0d8755d6553d4cad5a2ede3ef0b12e25aa9fa53d973dee1c0c00c|Buginese
bg|influent-language-pack-all_0.2.1_all.deb|https://github.com/JesusQuijada34/danenone/releases/download/language-packs-v0.2.1|30f1045bb9d0d8755d6553d4cad5a2ede3ef0b12e25aa9fa53d973dee1c0c00c|Bulgarian
bum|influent-language-pack-all_0.2.1_all.deb|https://github.com/JesusQuijada34/danenone/releases/download/language-packs-v0.2.1|30f1045bb9d0d8755d6553d4cad5a2ede3ef0b12e25aa9fa53d973dee1c0c00c|Bulu
bua|influent-language-pack-all_0.2.1_all.deb|https://github.com/JesusQuijada34/danenone/releases/download/language-packs-v0.2.1|30f1045bb9d0d8755d6553d4cad5a2ede3ef0b12e25aa9fa53d973dee1c0c00c|Buriat
my|influent-language-pack-all_0.2.1_all.deb|https://github.com/JesusQuijada34/danenone/releases/download/language-packs-v0.2.1|30f1045bb9d0d8755d6553d4cad5a2ede3ef0b12e25aa9fa53d973dee1c0c00c|Burmese
cad|influent-language-pack-all_0.2.1_all.deb|https://github.com/JesusQuijada34/danenone/releases/download/language-packs-v0.2.1|30f1045bb9d0d8755d6553d4cad5a2ede3ef0b12e25aa9fa53d973dee1c0c00c|Caddo
frc|influent-language-pack-all_0.2.1_all.deb|https://github.com/JesusQuijada34/danenone/releases/download/language-packs-v0.2.1|30f1045bb9d0d8755d6553d4cad5a2ede3ef0b12e25aa9fa53d973dee1c0c00c|Cajun French
yue|influent-language-pack-all_0.2.1_all.deb|https://github.com/JesusQuijada34/danenone/releases/download/language-packs-v0.2.1|30f1045bb9d0d8755d6553d4cad5a2ede3ef0b12e25aa9fa53d973dee1c0c00c|Cantonese
cps|influent-language-pack-all_0.2.1_all.deb|https://github.com/JesusQuijada34/danenone/releases/download/language-packs-v0.2.1|30f1045bb9d0d8755d6553d4cad5a2ede3ef0b12e25aa9fa53d973dee1c0c00c|Capiznon
car|influent-language-pack-all_0.2.1_all.deb|https://github.com/JesusQuijada34/danenone/releases/download/language-packs-v0.2.1|30f1045bb9d0d8755d6553d4cad5a2ede3ef0b12e25aa9fa53d973dee1c0c00c|Carib
crr|influent-language-pack-all_0.2.1_all.deb|https://github.com/JesusQuijada34/danenone/releases/download/language-packs-v0.2.1|30f1045bb9d0d8755d6553d4cad5a2ede3ef0b12e25aa9fa53d973dee1c0c00c|Carolina Algonquian
ca|influent-language-pack-all_0.2.1_all.deb|https://github.com/JesusQuijada34/danenone/releases/download/language-packs-v0.2.1|30f1045bb9d0d8755d6553d4cad5a2ede3ef0b12e25aa9fa53d973dee1c0c00c|Catalan
cay|influent-language-pack-all_0.2.1_all.deb|https://github.com/JesusQuijada34/danenone/releases/download/language-packs-v0.2.1|30f1045bb9d0d8755d6553d4cad5a2ede3ef0b12e25aa9fa53d973dee1c0c00c|Cayuga
ceb|influent-language-pack-all_0.2.1_all.deb|https://github.com/JesusQuijada34/danenone/releases/download/language-packs-v0.2.1|30f1045bb9d0d8755d6553d4cad5a2ede3ef0b12e25aa9fa53d973dee1c0c00c|Cebuano
tzm|influent-language-pack-all_0.2.1_all.deb|https://github.com/JesusQuijada34/danenone/releases/download/language-packs-v0.2.1|30f1045bb9d0d8755d6553d4cad5a2ede3ef0b12e25aa9fa53d973dee1c0c00c|Central Atlas Tamazight
dtp|influent-language-pack-all_0.2.1_all.deb|https://github.com/JesusQuijada34/danenone/releases/download/language-packs-v0.2.1|30f1045bb9d0d8755d6553d4cad5a2ede3ef0b12e25aa9fa53d973dee1c0c00c|Central Dusun
ckb|influent-language-pack-all_0.2.1_all.deb|https://github.com/JesusQuijada34/danenone/releases/download/language-packs-v0.2.1|30f1045bb9d0d8755d6553d4cad5a2ede3ef0b12e25aa9fa53d973dee1c0c00c|Central Kurdish
ojc|influent-language-pack-all_0.2.1_all.deb|https://github.com/JesusQuijada34/danenone/releases/download/language-packs-v0.2.1|30f1045bb9d0d8755d6553d4cad5a2ede3ef0b12e25aa9fa53d973dee1c0c00c|Central Ojibwa
esu|influent-language-pack-all_0.2.1_all.deb|https://github.com/JesusQuijada34/danenone/releases/download/language-packs-v0.2.1|30f1045bb9d0d8755d6553d4cad5a2ede3ef0b12e25aa9fa53d973dee1c0c00c|Central Yupik
shu|influent-language-pack-all_0.2.1_all.deb|https://github.com/JesusQuijada34/danenone/releases/download/language-packs-v0.2.1|30f1045bb9d0d8755d6553d4cad5a2ede3ef0b12e25aa9fa53d973dee1c0c00c|Chadian Arabic
chg|influent-language-pack-all_0.2.1_all.deb|https://github.com/JesusQuijada34/danenone/releases/download/language-packs-v0.2.1|30f1045bb9d0d8755d6553d4cad5a2ede3ef0b12e25aa9fa53d973dee1c0c00c|Chagatai
ccp|influent-language-pack-all_0.2.1_all.deb|https://github.com/JesusQuijada34/danenone/releases/download/language-packs-v0.2.1|30f1045bb9d0d8755d6553d4cad5a2ede3ef0b12e25aa9fa53d973dee1c0c00c|Chakma
ch|influent-language-pack-all_0.2.1_all.deb|https://github.com/JesusQuijada34/danenone/releases/download/language-packs-v0.2.1|30f1045bb9d0d8755d6553d4cad5a2ede3ef0b12e25aa9fa53d973dee1c0c00c|Chamorro
ce|influent-language-pack-all_0.2.1_all.deb|https://github.com/JesusQuijada34/danenone/releases/download/language-packs-v0.2.1|30f1045bb9d0d8755d6553d4cad5a2ede3ef0b12e25aa9fa53d973dee1c0c00c|Chechen
chr|influent-language-pack-all_0.2.1_all.deb|https://github.com/JesusQuijada34/danenone/releases/download/language-packs-v0.2.1|30f1045bb9d0d8755d6553d4cad5a2ede3ef0b12e25aa9fa53d973dee1c0c00c|Cherokee
chy|influent-language-pack-all_0.2.1_all.deb|https://github.com/JesusQuijada34/danenone/releases/download/language-packs-v0.2.1|30f1045bb9d0d8755d6553d4cad5a2ede3ef0b12e25aa9fa53d973dee1c0c00c|Cheyenne
chb|influent-language-pack-all_0.2.1_all.deb|https://github.com/JesusQuijada34/danenone/releases/download/language-packs-v0.2.1|30f1045bb9d0d8755d6553d4cad5a2ede3ef0b12e25aa9fa53d973dee1c0c00c|Chibcha
cic|influent-language-pack-all_0.2.1_all.deb|https://github.com/JesusQuijada34/danenone/releases/download/language-packs-v0.2.1|30f1045bb9d0d8755d6553d4cad5a2ede3ef0b12e25aa9fa53d973dee1c0c00c|Chickasaw
cgg|influent-language-pack-all_0.2.1_all.deb|https://github.com/JesusQuijada34/danenone/releases/download/language-packs-v0.2.1|30f1045bb9d0d8755d6553d4cad5a2ede3ef0b12e25aa9fa53d973dee1c0c00c|Chiga
clc|influent-language-pack-all_0.2.1_all.deb|https://github.com/JesusQuijada34/danenone/releases/download/language-packs-v0.2.1|30f1045bb9d0d8755d6553d4cad5a2ede3ef0b12e25aa9fa53d973dee1c0c00c|Chilcotin
qug|influent-language-pack-all_0.2.1_all.deb|https://github.com/JesusQuijada34/danenone/releases/download/language-packs-v0.2.1|30f1045bb9d0d8755d6553d4cad5a2ede3ef0b12e25aa9fa53d973dee1c0c00c|Chimborazo Highland Quichua
zh|influent-language-pack-all_0.2.1_all.deb|https://github.com/JesusQuijada34/danenone/releases/download/language-packs-v0.2.1|30f1045bb9d0d8755d6553d4cad5a2ede3ef0b12e25aa9fa53d973dee1c0c00c|Chinese
chn|influent-language-pack-all_0.2.1_all.deb|https://github.com/JesusQuijada34/danenone/releases/download/language-packs-v0.2.1|30f1045bb9d0d8755d6553d4cad5a2ede3ef0b12e25aa9fa53d973dee1c0c00c|Chinook Jargon
chp|influent-language-pack-all_0.2.1_all.deb|https://github.com/JesusQuijada34/danenone/releases/download/language-packs-v0.2.1|30f1045bb9d0d8755d6553d4cad5a2ede3ef0b12e25aa9fa53d973dee1c0c00c|Chipewyan
cho|influent-language-pack-all_0.2.1_all.deb|https://github.com/JesusQuijada34/danenone/releases/download/language-packs-v0.2.1|30f1045bb9d0d8755d6553d4cad5a2ede3ef0b12e25aa9fa53d973dee1c0c00c|Choctaw
cu|influent-language-pack-all_0.2.1_all.deb|https://github.com/JesusQuijada34/danenone/releases/download/language-packs-v0.2.1|30f1045bb9d0d8755d6553d4cad5a2ede3ef0b12e25aa9fa53d973dee1c0c00c|Church Slavic
chk|influent-language-pack-all_0.2.1_all.deb|https://github.com/JesusQuijada34/danenone/releases/download/language-packs-v0.2.1|30f1045bb9d0d8755d6553d4cad5a2ede3ef0b12e25aa9fa53d973dee1c0c00c|Chuukese
cv|influent-language-pack-all_0.2.1_all.deb|https://github.com/JesusQuijada34/danenone/releases/download/language-packs-v0.2.1|30f1045bb9d0d8755d6553d4cad5a2ede3ef0b12e25aa9fa53d973dee1c0c00c|Chuvash
nwc|influent-language-pack-all_0.2.1_all.deb|https://github.com/JesusQuijada34/danenone/releases/download/language-packs-v0.2.1|30f1045bb9d0d8755d6553d4cad5a2ede3ef0b12e25aa9fa53d973dee1c0c00c|Classical Newari
syc|influent-language-pack-all_0.2.1_all.deb|https://github.com/JesusQuijada34/danenone/releases/download/language-packs-v0.2.1|30f1045bb9d0d8755d6553d4cad5a2ede3ef0b12e25aa9fa53d973dee1c0c00c|Classical Syriac
ksh|influent-language-pack-all_0.2.1_all.deb|https://github.com/JesusQuijada34/danenone/releases/download/language-packs-v0.2.1|30f1045bb9d0d8755d6553d4cad5a2ede3ef0b12e25aa9fa53d973dee1c0c00c|Colognian
swb|influent-language-pack-all_0.2.1_all.deb|https://github.com/JesusQuijada34/danenone/releases/download/language-packs-v0.2.1|30f1045bb9d0d8755d6553d4cad5a2ede3ef0b12e25aa9fa53d973dee1c0c00c|Comorian
cop|influent-language-pack-all_0.2.1_all.deb|https://github.com/JesusQuijada34/danenone/releases/download/language-packs-v0.2.1|30f1045bb9d0d8755d6553d4cad5a2ede3ef0b12e25aa9fa53d973dee1c0c00c|Coptic
kw|influent-language-pack-all_0.2.1_all.deb|https://github.com/JesusQuijada34/danenone/releases/download/language-packs-v0.2.1|30f1045bb9d0d8755d6553d4cad5a2ede3ef0b12e25aa9fa53d973dee1c0c00c|Cornish
co|influent-language-pack-all_0.2.1_all.deb|https://github.com/JesusQuijada34/danenone/releases/download/language-packs-v0.2.1|30f1045bb9d0d8755d6553d4cad5a2ede3ef0b12e25aa9fa53d973dee1c0c00c|Corsican
cr|influent-language-pack-all_0.2.1_all.deb|https://github.com/JesusQuijada34/danenone/releases/download/language-packs-v0.2.1|30f1045bb9d0d8755d6553d4cad5a2ede3ef0b12e25aa9fa53d973dee1c0c00c|Cree
crh|influent-language-pack-all_0.2.1_all.deb|https://github.com/JesusQuijada34/danenone/releases/download/language-packs-v0.2.1|30f1045bb9d0d8755d6553d4cad5a2ede3ef0b12e25aa9fa53d973dee1c0c00c|Crimean Tatar
hr|influent-language-pack-all_0.2.1_all.deb|https://github.com/JesusQuijada34/danenone/releases/download/language-packs-v0.2.1|30f1045bb9d0d8755d6553d4cad5a2ede3ef0b12e25aa9fa53d973dee1c0c00c|Croatian
cs|influent-language-pack-all_0.2.1_all.deb|https://github.com/JesusQuijada34/danenone/releases/download/language-packs-v0.2.1|30f1045bb9d0d8755d6553d4cad5a2ede3ef0b12e25aa9fa53d973dee1c0c00c|Czech
dak|influent-language-pack-all_0.2.1_all.deb|https://github.com/JesusQuijada34/danenone/releases/download/language-packs-v0.2.1|30f1045bb9d0d8755d6553d4cad5a2ede3ef0b12e25aa9fa53d973dee1c0c00c|Dakota
da|influent-language-pack-all_0.2.1_all.deb|https://github.com/JesusQuijada34/danenone/releases/download/language-packs-v0.2.1|30f1045bb9d0d8755d6553d4cad5a2ede3ef0b12e25aa9fa53d973dee1c0c00c|Danish
dar|influent-language-pack-all_0.2.1_all.deb|https://github.com/JesusQuijada34/danenone/releases/download/language-packs-v0.2.1|30f1045bb9d0d8755d6553d4cad5a2ede3ef0b12e25aa9fa53d973dee1c0c00c|Dargwa
dzg|influent-language-pack-all_0.2.1_all.deb|https://github.com/JesusQuijada34/danenone/releases/download/language-packs-v0.2.1|30f1045bb9d0d8755d6553d4cad5a2ede3ef0b12e25aa9fa53d973dee1c0c00c|Dazaga
del|influent-language-pack-all_0.2.1_all.deb|https://github.com/JesusQuijada34/danenone/releases/download/language-packs-v0.2.1|30f1045bb9d0d8755d6553d4cad5a2ede3ef0b12e25aa9fa53d973dee1c0c00c|Delaware
din|influent-language-pack-all_0.2.1_all.deb|https://github.com/JesusQuijada34/danenone/releases/download/language-packs-v0.2.1|30f1045bb9d0d8755d6553d4cad5a2ede3ef0b12e25aa9fa53d973dee1c0c00c|Dinka
dv|influent-language-pack-all_0.2.1_all.deb|https://github.com/JesusQuijada34/danenone/releases/download/language-packs-v0.2.1|30f1045bb9d0d8755d6553d4cad5a2ede3ef0b12e25aa9fa53d973dee1c0c00c|Divehi
doi|influent-language-pack-all_0.2.1_all.deb|https://github.com/JesusQuijada34/danenone/releases/download/language-packs-v0.2.1|30f1045bb9d0d8755d6553d4cad5a2ede3ef0b12e25aa9fa53d973dee1c0c00c|Dogri
dgr|influent-language-pack-all_0.2.1_all.deb|https://github.com/JesusQuijada34/danenone/releases/download/language-packs-v0.2.1|30f1045bb9d0d8755d6553d4cad5a2ede3ef0b12e25aa9fa53d973dee1c0c00c|Dogrib
dua|influent-language-pack-all_0.2.1_all.deb|https://github.com/JesusQuijada34/danenone/releases/download/language-packs-v0.2.1|30f1045bb9d0d8755d6553d4cad5a2ede3ef0b12e25aa9fa53d973dee1c0c00c|Duala
nl|influent-language-pack-all_0.2.1_all.deb|https://github.com/JesusQuijada34/danenone/releases/download/language-packs-v0.2.1|30f1045bb9d0d8755d6553d4cad5a2ede3ef0b12e25aa9fa53d973dee1c0c00c|Dutch
dyu|influent-language-pack-all_0.2.1_all.deb|https://github.com/JesusQuijada34/danenone/releases/download/language-packs-v0.2.1|30f1045bb9d0d8755d6553d4cad5a2ede3ef0b12e25aa9fa53d973dee1c0c00c|Dyula
dz|influent-language-pack-all_0.2.1_all.deb|https://github.com/JesusQuijada34/danenone/releases/download/language-packs-v0.2.1|30f1045bb9d0d8755d6553d4cad5a2ede3ef0b12e25aa9fa53d973dee1c0c00c|Dzongkha
frs|influent-language-pack-all_0.2.1_all.deb|https://github.com/JesusQuijada34/danenone/releases/download/language-packs-v0.2.1|30f1045bb9d0d8755d6553d4cad5a2ede3ef0b12e25aa9fa53d973dee1c0c00c|Eastern Frisian
efi|influent-language-pack-all_0.2.1_all.deb|https://github.com/JesusQuijada34/danenone/releases/download/language-packs-v0.2.1|30f1045bb9d0d8755d6553d4cad5a2ede3ef0b12e25aa9fa53d973dee1c0c00c|Efik
arz|influent-language-pack-all_0.2.1_all.deb|https://github.com/JesusQuijada34/danenone/releases/download/language-packs-v0.2.1|30f1045bb9d0d8755d6553d4cad5a2ede3ef0b12e25aa9fa53d973dee1c0c00c|Egyptian Arabic
eka|influent-language-pack-all_0.2.1_all.deb|https://github.com/JesusQuijada34/danenone/releases/download/language-packs-v0.2.1|30f1045bb9d0d8755d6553d4cad5a2ede3ef0b12e25aa9fa53d973dee1c0c00c|Ekajuk
elx|influent-language-pack-all_0.2.1_all.deb|https://github.com/JesusQuijada34/danenone/releases/download/language-packs-v0.2.1|30f1045bb9d0d8755d6553d4cad5a2ede3ef0b12e25aa9fa53d973dee1c0c00c|Elamite
ebu|influent-language-pack-all_0.2.1_all.deb|https://github.com/JesusQuijada34/danenone/releases/download/language-packs-v0.2.1|30f1045bb9d0d8755d6553d4cad5a2ede3ef0b12e25aa9fa53d973dee1c0c00c|Embu
egl|influent-language-pack-all_0.2.1_all.deb|https://github.com/JesusQuijada34/danenone/releases/download/language-packs-v0.2.1|30f1045bb9d0d8755d6553d4cad5a2ede3ef0b12e25aa9fa53d973dee1c0c00c|Emilian
en|influent-language-pack-all_0.2.1_all.deb|https://github.com/JesusQuijada34/danenone/releases/download/language-packs-v0.2.1|30f1045bb9d0d8755d6553d4cad5a2ede3ef0b12e25aa9fa53d973dee1c0c00c|English
myv|influent-language-pack-all_0.2.1_all.deb|https://github.com/JesusQuijada34/danenone/releases/download/language-packs-v0.2.1|30f1045bb9d0d8755d6553d4cad5a2ede3ef0b12e25aa9fa53d973dee1c0c00c|Erzya
eo|influent-language-pack-all_0.2.1_all.deb|https://github.com/JesusQuijada34/danenone/releases/download/language-packs-v0.2.1|30f1045bb9d0d8755d6553d4cad5a2ede3ef0b12e25aa9fa53d973dee1c0c00c|Esperanto
et|influent-language-pack-all_0.2.1_all.deb|https://github.com/JesusQuijada34/danenone/releases/download/language-packs-v0.2.1|30f1045bb9d0d8755d6553d4cad5a2ede3ef0b12e25aa9fa53d973dee1c0c00c|Estonian
ee|influent-language-pack-all_0.2.1_all.deb|https://github.com/JesusQuijada34/danenone/releases/download/language-packs-v0.2.1|30f1045bb9d0d8755d6553d4cad5a2ede3ef0b12e25aa9fa53d973dee1c0c00c|Ewe
ewo|influent-language-pack-all_0.2.1_all.deb|https://github.com/JesusQuijada34/danenone/releases/download/language-packs-v0.2.1|30f1045bb9d0d8755d6553d4cad5a2ede3ef0b12e25aa9fa53d973dee1c0c00c|Ewondo
ext|influent-language-pack-all_0.2.1_all.deb|https://github.com/JesusQuijada34/danenone/releases/download/language-packs-v0.2.1|30f1045bb9d0d8755d6553d4cad5a2ede3ef0b12e25aa9fa53d973dee1c0c00c|Extremaduran
fan|influent-language-pack-all_0.2.1_all.deb|https://github.com/JesusQuijada34/danenone/releases/download/language-packs-v0.2.1|30f1045bb9d0d8755d6553d4cad5a2ede3ef0b12e25aa9fa53d973dee1c0c00c|Fang
fat|influent-language-pack-all_0.2.1_all.deb|https://github.com/JesusQuijada34/danenone/releases/download/language-packs-v0.2.1|30f1045bb9d0d8755d6553d4cad5a2ede3ef0b12e25aa9fa53d973dee1c0c00c|Fanti
fo|influent-language-pack-all_0.2.1_all.deb|https://github.com/JesusQuijada34/danenone/releases/download/language-packs-v0.2.1|30f1045bb9d0d8755d6553d4cad5a2ede3ef0b12e25aa9fa53d973dee1c0c00c|Faroese
hif|influent-language-pack-all_0.2.1_all.deb|https://github.com/JesusQuijada34/danenone/releases/download/language-packs-v0.2.1|30f1045bb9d0d8755d6553d4cad5a2ede3ef0b12e25aa9fa53d973dee1c0c00c|Fiji Hindi
fj|influent-language-pack-all_0.2.1_all.deb|https://github.com/JesusQuijada34/danenone/releases/download/language-packs-v0.2.1|30f1045bb9d0d8755d6553d4cad5a2ede3ef0b12e25aa9fa53d973dee1c0c00c|Fijian
fil|influent-language-pack-all_0.2.1_all.deb|https://github.com/JesusQuijada34/danenone/releases/download/language-packs-v0.2.1|30f1045bb9d0d8755d6553d4cad5a2ede3ef0b12e25aa9fa53d973dee1c0c00c|Filipino
fi|influent-language-pack-all_0.2.1_all.deb|https://github.com/JesusQuijada34/danenone/releases/download/language-packs-v0.2.1|30f1045bb9d0d8755d6553d4cad5a2ede3ef0b12e25aa9fa53d973dee1c0c00c|Finnish
fon|influent-language-pack-all_0.2.1_all.deb|https://github.com/JesusQuijada34/danenone/releases/download/language-packs-v0.2.1|30f1045bb9d0d8755d6553d4cad5a2ede3ef0b12e25aa9fa53d973dee1c0c00c|Fon
gur|influent-language-pack-all_0.2.1_all.deb|https://github.com/JesusQuijada34/danenone/releases/download/language-packs-v0.2.1|30f1045bb9d0d8755d6553d4cad5a2ede3ef0b12e25aa9fa53d973dee1c0c00c|Frafra
fr|influent-language-pack-all_0.2.1_all.deb|https://github.com/JesusQuijada34/danenone/releases/download/language-packs-v0.2.1|30f1045bb9d0d8755d6553d4cad5a2ede3ef0b12e25aa9fa53d973dee1c0c00c|French
fur|influent-language-pack-all_0.2.1_all.deb|https://github.com/JesusQuijada34/danenone/releases/download/language-packs-v0.2.1|30f1045bb9d0d8755d6553d4cad5a2ede3ef0b12e25aa9fa53d973dee1c0c00c|Friulian
ff|influent-language-pack-all_0.2.1_all.deb|https://github.com/JesusQuijada34/danenone/releases/download/language-packs-v0.2.1|30f1045bb9d0d8755d6553d4cad5a2ede3ef0b12e25aa9fa53d973dee1c0c00c|Fula
gaa|influent-language-pack-all_0.2.1_all.deb|https://github.com/JesusQuijada34/danenone/releases/download/language-packs-v0.2.1|30f1045bb9d0d8755d6553d4cad5a2ede3ef0b12e25aa9fa53d973dee1c0c00c|Ga
gag|influent-language-pack-all_0.2.1_all.deb|https://github.com/JesusQuijada34/danenone/releases/download/language-packs-v0.2.1|30f1045bb9d0d8755d6553d4cad5a2ede3ef0b12e25aa9fa53d973dee1c0c00c|Gagauz
gl|influent-language-pack-all_0.2.1_all.deb|https://github.com/JesusQuijada34/danenone/releases/download/language-packs-v0.2.1|30f1045bb9d0d8755d6553d4cad5a2ede3ef0b12e25aa9fa53d973dee1c0c00c|Galician
gan|influent-language-pack-all_0.2.1_all.deb|https://github.com/JesusQuijada34/danenone/releases/download/language-packs-v0.2.1|30f1045bb9d0d8755d6553d4cad5a2ede3ef0b12e25aa9fa53d973dee1c0c00c|Gan Chinese
lg|influent-language-pack-all_0.2.1_all.deb|https://github.com/JesusQuijada34/danenone/releases/download/language-packs-v0.2.1|30f1045bb9d0d8755d6553d4cad5a2ede3ef0b12e25aa9fa53d973dee1c0c00c|Ganda
gay|influent-language-pack-all_0.2.1_all.deb|https://github.com/JesusQuijada34/danenone/releases/download/language-packs-v0.2.1|30f1045bb9d0d8755d6553d4cad5a2ede3ef0b12e25aa9fa53d973dee1c0c00c|Gayo
gba|influent-language-pack-all_0.2.1_all.deb|https://github.com/JesusQuijada34/danenone/releases/download/language-packs-v0.2.1|30f1045bb9d0d8755d6553d4cad5a2ede3ef0b12e25aa9fa53d973dee1c0c00c|Gbaya
gez|influent-language-pack-all_0.2.1_all.deb|https://github.com/JesusQuijada34/danenone/releases/download/language-packs-v0.2.1|30f1045bb9d0d8755d6553d4cad5a2ede3ef0b12e25aa9fa53d973dee1c0c00c|Geez
ka|influent-language-pack-all_0.2.1_all.deb|https://github.com/JesusQuijada34/danenone/releases/download/language-packs-v0.2.1|30f1045bb9d0d8755d6553d4cad5a2ede3ef0b12e25aa9fa53d973dee1c0c00c|Georgian
de|influent-language-pack-all_0.2.1_all.deb|https://github.com/JesusQuijada34/danenone/releases/download/language-packs-v0.2.1|30f1045bb9d0d8755d6553d4cad5a2ede3ef0b12e25aa9fa53d973dee1c0c00c|German
aln|influent-language-pack-all_0.2.1_all.deb|https://github.com/JesusQuijada34/danenone/releases/download/language-packs-v0.2.1|30f1045bb9d0d8755d6553d4cad5a2ede3ef0b12e25aa9fa53d973dee1c0c00c|Gheg Albanian
bbj|influent-language-pack-all_0.2.1_all.deb|https://github.com/JesusQuijada34/danenone/releases/download/language-packs-v0.2.1|30f1045bb9d0d8755d6553d4cad5a2ede3ef0b12e25aa9fa53d973dee1c0c00c|Ghomala
glk|influent-language-pack-all_0.2.1_all.deb|https://github.com/JesusQuijada34/danenone/releases/download/language-packs-v0.2.1|30f1045bb9d0d8755d6553d4cad5a2ede3ef0b12e25aa9fa53d973dee1c0c00c|Gilaki
gil|influent-language-pack-all_0.2.1_all.deb|https://github.com/JesusQuijada34/danenone/releases/download/language-packs-v0.2.1|30f1045bb9d0d8755d6553d4cad5a2ede3ef0b12e25aa9fa53d973dee1c0c00c|Gilbertese
gon|influent-language-pack-all_0.2.1_all.deb|https://github.com/JesusQuijada34/danenone/releases/download/language-packs-v0.2.1|30f1045bb9d0d8755d6553d4cad5a2ede3ef0b12e25aa9fa53d973dee1c0c00c|Gondi
gor|influent-language-pack-all_0.2.1_all.deb|https://github.com/JesusQuijada34/danenone/releases/download/language-packs-v0.2.1|30f1045bb9d0d8755d6553d4cad5a2ede3ef0b12e25aa9fa53d973dee1c0c00c|Gorontalo
got|influent-language-pack-all_0.2.1_all.deb|https://github.com/JesusQuijada34/danenone/releases/download/language-packs-v0.2.1|30f1045bb9d0d8755d6553d4cad5a2ede3ef0b12e25aa9fa53d973dee1c0c00c|Gothic
grb|influent-language-pack-all_0.2.1_all.deb|https://github.com/JesusQuijada34/danenone/releases/download/language-packs-v0.2.1|30f1045bb9d0d8755d6553d4cad5a2ede3ef0b12e25aa9fa53d973dee1c0c00c|Grebo
el|influent-language-pack-all_0.2.1_all.deb|https://github.com/JesusQuijada34/danenone/releases/download/language-packs-v0.2.1|30f1045bb9d0d8755d6553d4cad5a2ede3ef0b12e25aa9fa53d973dee1c0c00c|Greek
gn|influent-language-pack-all_0.2.1_all.deb|https://github.com/JesusQuijada34/danenone/releases/download/language-packs-v0.2.1|30f1045bb9d0d8755d6553d4cad5a2ede3ef0b12e25aa9fa53d973dee1c0c00c|Guarani
gu|influent-language-pack-all_0.2.1_all.deb|https://github.com/JesusQuijada34/danenone/releases/download/language-packs-v0.2.1|30f1045bb9d0d8755d6553d4cad5a2ede3ef0b12e25aa9fa53d973dee1c0c00c|Gujarati
guz|influent-language-pack-all_0.2.1_all.deb|https://github.com/JesusQuijada34/danenone/releases/download/language-packs-v0.2.1|30f1045bb9d0d8755d6553d4cad5a2ede3ef0b12e25aa9fa53d973dee1c0c00c|Gusii
gwi|influent-language-pack-all_0.2.1_all.deb|https://github.com/JesusQuijada34/danenone/releases/download/language-packs-v0.2.1|30f1045bb9d0d8755d6553d4cad5a2ede3ef0b12e25aa9fa53d973dee1c0c00c|Gwichʼin
hai|influent-language-pack-all_0.2.1_all.deb|https://github.com/JesusQuijada34/danenone/releases/download/language-packs-v0.2.1|30f1045bb9d0d8755d6553d4cad5a2ede3ef0b12e25aa9fa53d973dee1c0c00c|Haida
ht|influent-language-pack-all_0.2.1_all.deb|https://github.com/JesusQuijada34/danenone/releases/download/language-packs-v0.2.1|30f1045bb9d0d8755d6553d4cad5a2ede3ef0b12e25aa9fa53d973dee1c0c00c|Haitian Creole
hak|influent-language-pack-all_0.2.1_all.deb|https://github.com/JesusQuijada34/danenone/releases/download/language-packs-v0.2.1|30f1045bb9d0d8755d6553d4cad5a2ede3ef0b12e25aa9fa53d973dee1c0c00c|Hakka Chinese
hur|influent-language-pack-all_0.2.1_all.deb|https://github.com/JesusQuijada34/danenone/releases/download/language-packs-v0.2.1|30f1045bb9d0d8755d6553d4cad5a2ede3ef0b12e25aa9fa53d973dee1c0c00c|Halkomelem
bgc|influent-language-pack-all_0.2.1_all.deb|https://github.com/JesusQuijada34/danenone/releases/download/language-packs-v0.2.1|30f1045bb9d0d8755d6553d4cad5a2ede3ef0b12e25aa9fa53d973dee1c0c00c|Haryanvi
ha|influent-language-pack-all_0.2.1_all.deb|https://github.com/JesusQuijada34/danenone/releases/download/language-packs-v0.2.1|30f1045bb9d0d8755d6553d4cad5a2ede3ef0b12e25aa9fa53d973dee1c0c00c|Hausa
haw|influent-language-pack-all_0.2.1_all.deb|https://github.com/JesusQuijada34/danenone/releases/download/language-packs-v0.2.1|30f1045bb9d0d8755d6553d4cad5a2ede3ef0b12e25aa9fa53d973dee1c0c00c|Hawaiian
he|influent-language-pack-all_0.2.1_all.deb|https://github.com/JesusQuijada34/danenone/releases/download/language-packs-v0.2.1|30f1045bb9d0d8755d6553d4cad5a2ede3ef0b12e25aa9fa53d973dee1c0c00c|Hebrew
hz|influent-language-pack-all_0.2.1_all.deb|https://github.com/JesusQuijada34/danenone/releases/download/language-packs-v0.2.1|30f1045bb9d0d8755d6553d4cad5a2ede3ef0b12e25aa9fa53d973dee1c0c00c|Herero
hil|influent-language-pack-all_0.2.1_all.deb|https://github.com/JesusQuijada34/danenone/releases/download/language-packs-v0.2.1|30f1045bb9d0d8755d6553d4cad5a2ede3ef0b12e25aa9fa53d973dee1c0c00c|Hiligaynon
hi|influent-language-pack-all_0.2.1_all.deb|https://github.com/JesusQuijada34/danenone/releases/download/language-packs-v0.2.1|30f1045bb9d0d8755d6553d4cad5a2ede3ef0b12e25aa9fa53d973dee1c0c00c|Hindi
ho|influent-language-pack-all_0.2.1_all.deb|https://github.com/JesusQuijada34/danenone/releases/download/language-packs-v0.2.1|30f1045bb9d0d8755d6553d4cad5a2ede3ef0b12e25aa9fa53d973dee1c0c00c|Hiri Motu
hit|influent-language-pack-all_0.2.1_all.deb|https://github.com/JesusQuijada34/danenone/releases/download/language-packs-v0.2.1|30f1045bb9d0d8755d6553d4cad5a2ede3ef0b12e25aa9fa53d973dee1c0c00c|Hittite
hmn|influent-language-pack-all_0.2.1_all.deb|https://github.com/JesusQuijada34/danenone/releases/download/language-packs-v0.2.1|30f1045bb9d0d8755d6553d4cad5a2ede3ef0b12e25aa9fa53d973dee1c0c00c|Hmong
hnj|influent-language-pack-all_0.2.1_all.deb|https://github.com/JesusQuijada34/danenone/releases/download/language-packs-v0.2.1|30f1045bb9d0d8755d6553d4cad5a2ede3ef0b12e25aa9fa53d973dee1c0c00c|Hmong Njua
hu|influent-language-pack-all_0.2.1_all.deb|https://github.com/JesusQuijada34/danenone/releases/download/language-packs-v0.2.1|30f1045bb9d0d8755d6553d4cad5a2ede3ef0b12e25aa9fa53d973dee1c0c00c|Hungarian
hup|influent-language-pack-all_0.2.1_all.deb|https://github.com/JesusQuijada34/danenone/releases/download/language-packs-v0.2.1|30f1045bb9d0d8755d6553d4cad5a2ede3ef0b12e25aa9fa53d973dee1c0c00c|Hupa
iba|influent-language-pack-all_0.2.1_all.deb|https://github.com/JesusQuijada34/danenone/releases/download/language-packs-v0.2.1|30f1045bb9d0d8755d6553d4cad5a2ede3ef0b12e25aa9fa53d973dee1c0c00c|Iban
ibb|influent-language-pack-all_0.2.1_all.deb|https://github.com/JesusQuijada34/danenone/releases/download/language-packs-v0.2.1|30f1045bb9d0d8755d6553d4cad5a2ede3ef0b12e25aa9fa53d973dee1c0c00c|Ibibio
is|influent-language-pack-all_0.2.1_all.deb|https://github.com/JesusQuijada34/danenone/releases/download/language-packs-v0.2.1|30f1045bb9d0d8755d6553d4cad5a2ede3ef0b12e25aa9fa53d973dee1c0c00c|Icelandic
io|influent-language-pack-all_0.2.1_all.deb|https://github.com/JesusQuijada34/danenone/releases/download/language-packs-v0.2.1|30f1045bb9d0d8755d6553d4cad5a2ede3ef0b12e25aa9fa53d973dee1c0c00c|Ido
ig|influent-language-pack-all_0.2.1_all.deb|https://github.com/JesusQuijada34/danenone/releases/download/language-packs-v0.2.1|30f1045bb9d0d8755d6553d4cad5a2ede3ef0b12e25aa9fa53d973dee1c0c00c|Igbo
ilo|influent-language-pack-all_0.2.1_all.deb|https://github.com/JesusQuijada34/danenone/releases/download/language-packs-v0.2.1|30f1045bb9d0d8755d6553d4cad5a2ede3ef0b12e25aa9fa53d973dee1c0c00c|Iloko
smn|influent-language-pack-all_0.2.1_all.deb|https://github.com/JesusQuijada34/danenone/releases/download/language-packs-v0.2.1|30f1045bb9d0d8755d6553d4cad5a2ede3ef0b12e25aa9fa53d973dee1c0c00c|Inari Sami
id|influent-language-pack-all_0.2.1_all.deb|https://github.com/JesusQuijada34/danenone/releases/download/language-packs-v0.2.1|30f1045bb9d0d8755d6553d4cad5a2ede3ef0b12e25aa9fa53d973dee1c0c00c|Indonesian
izh|influent-language-pack-all_0.2.1_all.deb|https://github.com/JesusQuijada34/danenone/releases/download/language-packs-v0.2.1|30f1045bb9d0d8755d6553d4cad5a2ede3ef0b12e25aa9fa53d973dee1c0c00c|Ingrian
inh|influent-language-pack-all_0.2.1_all.deb|https://github.com/JesusQuijada34/danenone/releases/download/language-packs-v0.2.1|30f1045bb9d0d8755d6553d4cad5a2ede3ef0b12e25aa9fa53d973dee1c0c00c|Ingush
moe|influent-language-pack-all_0.2.1_all.deb|https://github.com/JesusQuijada34/danenone/releases/download/language-packs-v0.2.1|30f1045bb9d0d8755d6553d4cad5a2ede3ef0b12e25aa9fa53d973dee1c0c00c|Innu-aimun
ia|influent-language-pack-all_0.2.1_all.deb|https://github.com/JesusQuijada34/danenone/releases/download/language-packs-v0.2.1|30f1045bb9d0d8755d6553d4cad5a2ede3ef0b12e25aa9fa53d973dee1c0c00c|Interlingua
ie|influent-language-pack-all_0.2.1_all.deb|https://github.com/JesusQuijada34/danenone/releases/download/language-packs-v0.2.1|30f1045bb9d0d8755d6553d4cad5a2ede3ef0b12e25aa9fa53d973dee1c0c00c|Interlingue
iu|influent-language-pack-all_0.2.1_all.deb|https://github.com/JesusQuijada34/danenone/releases/download/language-packs-v0.2.1|30f1045bb9d0d8755d6553d4cad5a2ede3ef0b12e25aa9fa53d973dee1c0c00c|Inuktitut
ik|influent-language-pack-all_0.2.1_all.deb|https://github.com/JesusQuijada34/danenone/releases/download/language-packs-v0.2.1|30f1045bb9d0d8755d6553d4cad5a2ede3ef0b12e25aa9fa53d973dee1c0c00c|Inupiaq
ga|influent-language-pack-all_0.2.1_all.deb|https://github.com/JesusQuijada34/danenone/releases/download/language-packs-v0.2.1|30f1045bb9d0d8755d6553d4cad5a2ede3ef0b12e25aa9fa53d973dee1c0c00c|Irish
it|influent-language-pack-all_0.2.1_all.deb|https://github.com/JesusQuijada34/danenone/releases/download/language-packs-v0.2.1|30f1045bb9d0d8755d6553d4cad5a2ede3ef0b12e25aa9fa53d973dee1c0c00c|Italian
jam|influent-language-pack-all_0.2.1_all.deb|https://github.com/JesusQuijada34/danenone/releases/download/language-packs-v0.2.1|30f1045bb9d0d8755d6553d4cad5a2ede3ef0b12e25aa9fa53d973dee1c0c00c|Jamaican Creole English
ja|influent-language-pack-all_0.2.1_all.deb|https://github.com/JesusQuijada34/danenone/releases/download/language-packs-v0.2.1|30f1045bb9d0d8755d6553d4cad5a2ede3ef0b12e25aa9fa53d973dee1c0c00c|Japanese
jv|influent-language-pack-all_0.2.1_all.deb|https://github.com/JesusQuijada34/danenone/releases/download/language-packs-v0.2.1|30f1045bb9d0d8755d6553d4cad5a2ede3ef0b12e25aa9fa53d973dee1c0c00c|Javanese
kaj|influent-language-pack-all_0.2.1_all.deb|https://github.com/JesusQuijada34/danenone/releases/download/language-packs-v0.2.1|30f1045bb9d0d8755d6553d4cad5a2ede3ef0b12e25aa9fa53d973dee1c0c00c|Jju
dyo|influent-language-pack-all_0.2.1_all.deb|https://github.com/JesusQuijada34/danenone/releases/download/language-packs-v0.2.1|30f1045bb9d0d8755d6553d4cad5a2ede3ef0b12e25aa9fa53d973dee1c0c00c|Jola-Fonyi
jrb|influent-language-pack-all_0.2.1_all.deb|https://github.com/JesusQuijada34/danenone/releases/download/language-packs-v0.2.1|30f1045bb9d0d8755d6553d4cad5a2ede3ef0b12e25aa9fa53d973dee1c0c00c|Judeo-Arabic
jpr|influent-language-pack-all_0.2.1_all.deb|https://github.com/JesusQuijada34/danenone/releases/download/language-packs-v0.2.1|30f1045bb9d0d8755d6553d4cad5a2ede3ef0b12e25aa9fa53d973dee1c0c00c|Judeo-Persian
jut|influent-language-pack-all_0.2.1_all.deb|https://github.com/JesusQuijada34/danenone/releases/download/language-packs-v0.2.1|30f1045bb9d0d8755d6553d4cad5a2ede3ef0b12e25aa9fa53d973dee1c0c00c|Jutish
kbd|influent-language-pack-all_0.2.1_all.deb|https://github.com/JesusQuijada34/danenone/releases/download/language-packs-v0.2.1|30f1045bb9d0d8755d6553d4cad5a2ede3ef0b12e25aa9fa53d973dee1c0c00c|Kabardian
kea|influent-language-pack-all_0.2.1_all.deb|https://github.com/JesusQuijada34/danenone/releases/download/language-packs-v0.2.1|30f1045bb9d0d8755d6553d4cad5a2ede3ef0b12e25aa9fa53d973dee1c0c00c|Kabuverdianu
kab|influent-language-pack-all_0.2.1_all.deb|https://github.com/JesusQuijada34/danenone/releases/download/language-packs-v0.2.1|30f1045bb9d0d8755d6553d4cad5a2ede3ef0b12e25aa9fa53d973dee1c0c00c|Kabyle
kac|influent-language-pack-all_0.2.1_all.deb|https://github.com/JesusQuijada34/danenone/releases/download/language-packs-v0.2.1|30f1045bb9d0d8755d6553d4cad5a2ede3ef0b12e25aa9fa53d973dee1c0c00c|Kachin
kgp|influent-language-pack-all_0.2.1_all.deb|https://github.com/JesusQuijada34/danenone/releases/download/language-packs-v0.2.1|30f1045bb9d0d8755d6553d4cad5a2ede3ef0b12e25aa9fa53d973dee1c0c00c|Kaingang
kkj|influent-language-pack-all_0.2.1_all.deb|https://github.com/JesusQuijada34/danenone/releases/download/language-packs-v0.2.1|30f1045bb9d0d8755d6553d4cad5a2ede3ef0b12e25aa9fa53d973dee1c0c00c|Kako
kl|influent-language-pack-all_0.2.1_all.deb|https://github.com/JesusQuijada34/danenone/releases/download/language-packs-v0.2.1|30f1045bb9d0d8755d6553d4cad5a2ede3ef0b12e25aa9fa53d973dee1c0c00c|Kalaallisut
kln|influent-language-pack-all_0.2.1_all.deb|https://github.com/JesusQuijada34/danenone/releases/download/language-packs-v0.2.1|30f1045bb9d0d8755d6553d4cad5a2ede3ef0b12e25aa9fa53d973dee1c0c00c|Kalenjin
xal|influent-language-pack-all_0.2.1_all.deb|https://github.com/JesusQuijada34/danenone/releases/download/language-packs-v0.2.1|30f1045bb9d0d8755d6553d4cad5a2ede3ef0b12e25aa9fa53d973dee1c0c00c|Kalmyk
kam|influent-language-pack-all_0.2.1_all.deb|https://github.com/JesusQuijada34/danenone/releases/download/language-packs-v0.2.1|30f1045bb9d0d8755d6553d4cad5a2ede3ef0b12e25aa9fa53d973dee1c0c00c|Kamba
kbl|influent-language-pack-all_0.2.1_all.deb|https://github.com/JesusQuijada34/danenone/releases/download/language-packs-v0.2.1|30f1045bb9d0d8755d6553d4cad5a2ede3ef0b12e25aa9fa53d973dee1c0c00c|Kanembu
xnr|influent-language-pack-all_0.2.1_all.deb|https://github.com/JesusQuijada34/danenone/releases/download/language-packs-v0.2.1|30f1045bb9d0d8755d6553d4cad5a2ede3ef0b12e25aa9fa53d973dee1c0c00c|Kangri
kn|influent-language-pack-all_0.2.1_all.deb|https://github.com/JesusQuijada34/danenone/releases/download/language-packs-v0.2.1|30f1045bb9d0d8755d6553d4cad5a2ede3ef0b12e25aa9fa53d973dee1c0c00c|Kannada
kr|influent-language-pack-all_0.2.1_all.deb|https://github.com/JesusQuijada34/danenone/releases/download/language-packs-v0.2.1|30f1045bb9d0d8755d6553d4cad5a2ede3ef0b12e25aa9fa53d973dee1c0c00c|Kanuri
kaa|influent-language-pack-all_0.2.1_all.deb|https://github.com/JesusQuijada34/danenone/releases/download/language-packs-v0.2.1|30f1045bb9d0d8755d6553d4cad5a2ede3ef0b12e25aa9fa53d973dee1c0c00c|Kara-Kalpak
krc|influent-language-pack-all_0.2.1_all.deb|https://github.com/JesusQuijada34/danenone/releases/download/language-packs-v0.2.1|30f1045bb9d0d8755d6553d4cad5a2ede3ef0b12e25aa9fa53d973dee1c0c00c|Karachay-Balkar
krl|influent-language-pack-all_0.2.1_all.deb|https://github.com/JesusQuijada34/danenone/releases/download/language-packs-v0.2.1|30f1045bb9d0d8755d6553d4cad5a2ede3ef0b12e25aa9fa53d973dee1c0c00c|Karelian
ks|influent-language-pack-all_0.2.1_all.deb|https://github.com/JesusQuijada34/danenone/releases/download/language-packs-v0.2.1|30f1045bb9d0d8755d6553d4cad5a2ede3ef0b12e25aa9fa53d973dee1c0c00c|Kashmiri
csb|influent-language-pack-all_0.2.1_all.deb|https://github.com/JesusQuijada34/danenone/releases/download/language-packs-v0.2.1|30f1045bb9d0d8755d6553d4cad5a2ede3ef0b12e25aa9fa53d973dee1c0c00c|Kashubian
kaw|influent-language-pack-all_0.2.1_all.deb|https://github.com/JesusQuijada34/danenone/releases/download/language-packs-v0.2.1|30f1045bb9d0d8755d6553d4cad5a2ede3ef0b12e25aa9fa53d973dee1c0c00c|Kawi
kk|influent-language-pack-all_0.2.1_all.deb|https://github.com/JesusQuijada34/danenone/releases/download/language-packs-v0.2.1|30f1045bb9d0d8755d6553d4cad5a2ede3ef0b12e25aa9fa53d973dee1c0c00c|Kazakh
ken|influent-language-pack-all_0.2.1_all.deb|https://github.com/JesusQuijada34/danenone/releases/download/language-packs-v0.2.1|30f1045bb9d0d8755d6553d4cad5a2ede3ef0b12e25aa9fa53d973dee1c0c00c|Kenyang
kha|influent-language-pack-all_0.2.1_all.deb|https://github.com/JesusQuijada34/danenone/releases/download/language-packs-v0.2.1|30f1045bb9d0d8755d6553d4cad5a2ede3ef0b12e25aa9fa53d973dee1c0c00c|Khasi
km|influent-language-pack-all_0.2.1_all.deb|https://github.com/JesusQuijada34/danenone/releases/download/language-packs-v0.2.1|30f1045bb9d0d8755d6553d4cad5a2ede3ef0b12e25aa9fa53d973dee1c0c00c|Khmer
kho|influent-language-pack-all_0.2.1_all.deb|https://github.com/JesusQuijada34/danenone/releases/download/language-packs-v0.2.1|30f1045bb9d0d8755d6553d4cad5a2ede3ef0b12e25aa9fa53d973dee1c0c00c|Khotanese
khw|influent-language-pack-all_0.2.1_all.deb|https://github.com/JesusQuijada34/danenone/releases/download/language-packs-v0.2.1|30f1045bb9d0d8755d6553d4cad5a2ede3ef0b12e25aa9fa53d973dee1c0c00c|Khowar
ki|influent-language-pack-all_0.2.1_all.deb|https://github.com/JesusQuijada34/danenone/releases/download/language-packs-v0.2.1|30f1045bb9d0d8755d6553d4cad5a2ede3ef0b12e25aa9fa53d973dee1c0c00c|Kikuyu
kmb|influent-language-pack-all_0.2.1_all.deb|https://github.com/JesusQuijada34/danenone/releases/download/language-packs-v0.2.1|30f1045bb9d0d8755d6553d4cad5a2ede3ef0b12e25aa9fa53d973dee1c0c00c|Kimbundu
krj|influent-language-pack-all_0.2.1_all.deb|https://github.com/JesusQuijada34/danenone/releases/download/language-packs-v0.2.1|30f1045bb9d0d8755d6553d4cad5a2ede3ef0b12e25aa9fa53d973dee1c0c00c|Kinaray-a
rw|influent-language-pack-all_0.2.1_all.deb|https://github.com/JesusQuijada34/danenone/releases/download/language-packs-v0.2.1|30f1045bb9d0d8755d6553d4cad5a2ede3ef0b12e25aa9fa53d973dee1c0c00c|Kinyarwanda
kiu|influent-language-pack-all_0.2.1_all.deb|https://github.com/JesusQuijada34/danenone/releases/download/language-packs-v0.2.1|30f1045bb9d0d8755d6553d4cad5a2ede3ef0b12e25aa9fa53d973dee1c0c00c|Kirmanjki
tlh|influent-language-pack-all_0.2.1_all.deb|https://github.com/JesusQuijada34/danenone/releases/download/language-packs-v0.2.1|30f1045bb9d0d8755d6553d4cad5a2ede3ef0b12e25aa9fa53d973dee1c0c00c|Klingon
bkm|influent-language-pack-all_0.2.1_all.deb|https://github.com/JesusQuijada34/danenone/releases/download/language-packs-v0.2.1|30f1045bb9d0d8755d6553d4cad5a2ede3ef0b12e25aa9fa53d973dee1c0c00c|Kom
kv|influent-language-pack-all_0.2.1_all.deb|https://github.com/JesusQuijada34/danenone/releases/download/language-packs-v0.2.1|30f1045bb9d0d8755d6553d4cad5a2ede3ef0b12e25aa9fa53d973dee1c0c00c|Komi
koi|influent-language-pack-all_0.2.1_all.deb|https://github.com/JesusQuijada34/danenone/releases/download/language-packs-v0.2.1|30f1045bb9d0d8755d6553d4cad5a2ede3ef0b12e25aa9fa53d973dee1c0c00c|Komi-Permyak
kg|influent-language-pack-all_0.2.1_all.deb|https://github.com/JesusQuijada34/danenone/releases/download/language-packs-v0.2.1|30f1045bb9d0d8755d6553d4cad5a2ede3ef0b12e25aa9fa53d973dee1c0c00c|Kongo
kok|influent-language-pack-all_0.2.1_all.deb|https://github.com/JesusQuijada34/danenone/releases/download/language-packs-v0.2.1|30f1045bb9d0d8755d6553d4cad5a2ede3ef0b12e25aa9fa53d973dee1c0c00c|Konkani
ko|influent-language-pack-all_0.2.1_all.deb|https://github.com/JesusQuijada34/danenone/releases/download/language-packs-v0.2.1|30f1045bb9d0d8755d6553d4cad5a2ede3ef0b12e25aa9fa53d973dee1c0c00c|Korean
kfo|influent-language-pack-all_0.2.1_all.deb|https://github.com/JesusQuijada34/danenone/releases/download/language-packs-v0.2.1|30f1045bb9d0d8755d6553d4cad5a2ede3ef0b12e25aa9fa53d973dee1c0c00c|Koro
kos|influent-language-pack-all_0.2.1_all.deb|https://github.com/JesusQuijada34/danenone/releases/download/language-packs-v0.2.1|30f1045bb9d0d8755d6553d4cad5a2ede3ef0b12e25aa9fa53d973dee1c0c00c|Kosraean
avk|influent-language-pack-all_0.2.1_all.deb|https://github.com/JesusQuijada34/danenone/releases/download/language-packs-v0.2.1|30f1045bb9d0d8755d6553d4cad5a2ede3ef0b12e25aa9fa53d973dee1c0c00c|Kotava
khq|influent-language-pack-all_0.2.1_all.deb|https://github.com/JesusQuijada34/danenone/releases/download/language-packs-v0.2.1|30f1045bb9d0d8755d6553d4cad5a2ede3ef0b12e25aa9fa53d973dee1c0c00c|Koyra Chiini
ses|influent-language-pack-all_0.2.1_all.deb|https://github.com/JesusQuijada34/danenone/releases/download/language-packs-v0.2.1|30f1045bb9d0d8755d6553d4cad5a2ede3ef0b12e25aa9fa53d973dee1c0c00c|Koyraboro Senni
kpe|influent-language-pack-all_0.2.1_all.deb|https://github.com/JesusQuijada34/danenone/releases/download/language-packs-v0.2.1|30f1045bb9d0d8755d6553d4cad5a2ede3ef0b12e25aa9fa53d973dee1c0c00c|Kpelle
kri|influent-language-pack-all_0.2.1_all.deb|https://github.com/JesusQuijada34/danenone/releases/download/language-packs-v0.2.1|30f1045bb9d0d8755d6553d4cad5a2ede3ef0b12e25aa9fa53d973dee1c0c00c|Krio
kj|influent-language-pack-all_0.2.1_all.deb|https://github.com/JesusQuijada34/danenone/releases/download/language-packs-v0.2.1|30f1045bb9d0d8755d6553d4cad5a2ede3ef0b12e25aa9fa53d973dee1c0c00c|Kuanyama
kum|influent-language-pack-all_0.2.1_all.deb|https://github.com/JesusQuijada34/danenone/releases/download/language-packs-v0.2.1|30f1045bb9d0d8755d6553d4cad5a2ede3ef0b12e25aa9fa53d973dee1c0c00c|Kumyk
ku|influent-language-pack-all_0.2.1_all.deb|https://github.com/JesusQuijada34/danenone/releases/download/language-packs-v0.2.1|30f1045bb9d0d8755d6553d4cad5a2ede3ef0b12e25aa9fa53d973dee1c0c00c|Kurdish
kru|influent-language-pack-all_0.2.1_all.deb|https://github.com/JesusQuijada34/danenone/releases/download/language-packs-v0.2.1|30f1045bb9d0d8755d6553d4cad5a2ede3ef0b12e25aa9fa53d973dee1c0c00c|Kurukh
kut|influent-language-pack-all_0.2.1_all.deb|https://github.com/JesusQuijada34/danenone/releases/download/language-packs-v0.2.1|30f1045bb9d0d8755d6553d4cad5a2ede3ef0b12e25aa9fa53d973dee1c0c00c|Kutenai
kxv|influent-language-pack-all_0.2.1_all.deb|https://github.com/JesusQuijada34/danenone/releases/download/language-packs-v0.2.1|30f1045bb9d0d8755d6553d4cad5a2ede3ef0b12e25aa9fa53d973dee1c0c00c|Kuvi
kwk|influent-language-pack-all_0.2.1_all.deb|https://github.com/JesusQuijada34/danenone/releases/download/language-packs-v0.2.1|30f1045bb9d0d8755d6553d4cad5a2ede3ef0b12e25aa9fa53d973dee1c0c00c|Kwakʼwala
nmg|influent-language-pack-all_0.2.1_all.deb|https://github.com/JesusQuijada34/danenone/releases/download/language-packs-v0.2.1|30f1045bb9d0d8755d6553d4cad5a2ede3ef0b12e25aa9fa53d973dee1c0c00c|Kwasio
ky|influent-language-pack-all_0.2.1_all.deb|https://github.com/JesusQuijada34/danenone/releases/download/language-packs-v0.2.1|30f1045bb9d0d8755d6553d4cad5a2ede3ef0b12e25aa9fa53d973dee1c0c00c|Kyrgyz
quc|influent-language-pack-all_0.2.1_all.deb|https://github.com/JesusQuijada34/danenone/releases/download/language-packs-v0.2.1|30f1045bb9d0d8755d6553d4cad5a2ede3ef0b12e25aa9fa53d973dee1c0c00c|Kʼicheʼ
lad|influent-language-pack-all_0.2.1_all.deb|https://github.com/JesusQuijada34/danenone/releases/download/language-packs-v0.2.1|30f1045bb9d0d8755d6553d4cad5a2ede3ef0b12e25aa9fa53d973dee1c0c00c|Ladino
lkt|influent-language-pack-all_0.2.1_all.deb|https://github.com/JesusQuijada34/danenone/releases/download/language-packs-v0.2.1|30f1045bb9d0d8755d6553d4cad5a2ede3ef0b12e25aa9fa53d973dee1c0c00c|Lakota
lam|influent-language-pack-all_0.2.1_all.deb|https://github.com/JesusQuijada34/danenone/releases/download/language-packs-v0.2.1|30f1045bb9d0d8755d6553d4cad5a2ede3ef0b12e25aa9fa53d973dee1c0c00c|Lamba
lag|influent-language-pack-all_0.2.1_all.deb|https://github.com/JesusQuijada34/danenone/releases/download/language-packs-v0.2.1|30f1045bb9d0d8755d6553d4cad5a2ede3ef0b12e25aa9fa53d973dee1c0c00c|Langi
lo|influent-language-pack-all_0.2.1_all.deb|https://github.com/JesusQuijada34/danenone/releases/download/language-packs-v0.2.1|30f1045bb9d0d8755d6553d4cad5a2ede3ef0b12e25aa9fa53d973dee1c0c00c|Lao
ltg|influent-language-pack-all_0.2.1_all.deb|https://github.com/JesusQuijada34/danenone/releases/download/language-packs-v0.2.1|30f1045bb9d0d8755d6553d4cad5a2ede3ef0b12e25aa9fa53d973dee1c0c00c|Latgalian
la|influent-language-pack-all_0.2.1_all.deb|https://github.com/JesusQuijada34/danenone/releases/download/language-packs-v0.2.1|30f1045bb9d0d8755d6553d4cad5a2ede3ef0b12e25aa9fa53d973dee1c0c00c|Latin
lv|influent-language-pack-all_0.2.1_all.deb|https://github.com/JesusQuijada34/danenone/releases/download/language-packs-v0.2.1|30f1045bb9d0d8755d6553d4cad5a2ede3ef0b12e25aa9fa53d973dee1c0c00c|Latvian
lzz|influent-language-pack-all_0.2.1_all.deb|https://github.com/JesusQuijada34/danenone/releases/download/language-packs-v0.2.1|30f1045bb9d0d8755d6553d4cad5a2ede3ef0b12e25aa9fa53d973dee1c0c00c|Laz
lez|influent-language-pack-all_0.2.1_all.deb|https://github.com/JesusQuijada34/danenone/releases/download/language-packs-v0.2.1|30f1045bb9d0d8755d6553d4cad5a2ede3ef0b12e25aa9fa53d973dee1c0c00c|Lezghian
lij|influent-language-pack-all_0.2.1_all.deb|https://github.com/JesusQuijada34/danenone/releases/download/language-packs-v0.2.1|30f1045bb9d0d8755d6553d4cad5a2ede3ef0b12e25aa9fa53d973dee1c0c00c|Ligurian
lil|influent-language-pack-all_0.2.1_all.deb|https://github.com/JesusQuijada34/danenone/releases/download/language-packs-v0.2.1|30f1045bb9d0d8755d6553d4cad5a2ede3ef0b12e25aa9fa53d973dee1c0c00c|Lillooet
li|influent-language-pack-all_0.2.1_all.deb|https://github.com/JesusQuijada34/danenone/releases/download/language-packs-v0.2.1|30f1045bb9d0d8755d6553d4cad5a2ede3ef0b12e25aa9fa53d973dee1c0c00c|Limburgish
ln|influent-language-pack-all_0.2.1_all.deb|https://github.com/JesusQuijada34/danenone/releases/download/language-packs-v0.2.1|30f1045bb9d0d8755d6553d4cad5a2ede3ef0b12e25aa9fa53d973dee1c0c00c|Lingala
lfn|influent-language-pack-all_0.2.1_all.deb|https://github.com/JesusQuijada34/danenone/releases/download/language-packs-v0.2.1|30f1045bb9d0d8755d6553d4cad5a2ede3ef0b12e25aa9fa53d973dee1c0c00c|Lingua Franca Nova
lzh|influent-language-pack-all_0.2.1_all.deb|https://github.com/JesusQuijada34/danenone/releases/download/language-packs-v0.2.1|30f1045bb9d0d8755d6553d4cad5a2ede3ef0b12e25aa9fa53d973dee1c0c00c|Literary Chinese
lt|influent-language-pack-all_0.2.1_all.deb|https://github.com/JesusQuijada34/danenone/releases/download/language-packs-v0.2.1|30f1045bb9d0d8755d6553d4cad5a2ede3ef0b12e25aa9fa53d973dee1c0c00c|Lithuanian
liv|influent-language-pack-all_0.2.1_all.deb|https://github.com/JesusQuijada34/danenone/releases/download/language-packs-v0.2.1|30f1045bb9d0d8755d6553d4cad5a2ede3ef0b12e25aa9fa53d973dee1c0c00c|Livonian
jbo|influent-language-pack-all_0.2.1_all.deb|https://github.com/JesusQuijada34/danenone/releases/download/language-packs-v0.2.1|30f1045bb9d0d8755d6553d4cad5a2ede3ef0b12e25aa9fa53d973dee1c0c00c|Lojban
lmo|influent-language-pack-all_0.2.1_all.deb|https://github.com/JesusQuijada34/danenone/releases/download/language-packs-v0.2.1|30f1045bb9d0d8755d6553d4cad5a2ede3ef0b12e25aa9fa53d973dee1c0c00c|Lombard
lou|influent-language-pack-all_0.2.1_all.deb|https://github.com/JesusQuijada34/danenone/releases/download/language-packs-v0.2.1|30f1045bb9d0d8755d6553d4cad5a2ede3ef0b12e25aa9fa53d973dee1c0c00c|Louisiana Creole
nds|influent-language-pack-all_0.2.1_all.deb|https://github.com/JesusQuijada34/danenone/releases/download/language-packs-v0.2.1|30f1045bb9d0d8755d6553d4cad5a2ede3ef0b12e25aa9fa53d973dee1c0c00c|Low German
sli|influent-language-pack-all_0.2.1_all.deb|https://github.com/JesusQuijada34/danenone/releases/download/language-packs-v0.2.1|30f1045bb9d0d8755d6553d4cad5a2ede3ef0b12e25aa9fa53d973dee1c0c00c|Lower Silesian
dsb|influent-language-pack-all_0.2.1_all.deb|https://github.com/JesusQuijada34/danenone/releases/download/language-packs-v0.2.1|30f1045bb9d0d8755d6553d4cad5a2ede3ef0b12e25aa9fa53d973dee1c0c00c|Lower Sorbian
loz|influent-language-pack-all_0.2.1_all.deb|https://github.com/JesusQuijada34/danenone/releases/download/language-packs-v0.2.1|30f1045bb9d0d8755d6553d4cad5a2ede3ef0b12e25aa9fa53d973dee1c0c00c|Lozi
lu|influent-language-pack-all_0.2.1_all.deb|https://github.com/JesusQuijada34/danenone/releases/download/language-packs-v0.2.1|30f1045bb9d0d8755d6553d4cad5a2ede3ef0b12e25aa9fa53d973dee1c0c00c|Luba-Katanga
lua|influent-language-pack-all_0.2.1_all.deb|https://github.com/JesusQuijada34/danenone/releases/download/language-packs-v0.2.1|30f1045bb9d0d8755d6553d4cad5a2ede3ef0b12e25aa9fa53d973dee1c0c00c|Luba-Lulua
lui|influent-language-pack-all_0.2.1_all.deb|https://github.com/JesusQuijada34/danenone/releases/download/language-packs-v0.2.1|30f1045bb9d0d8755d6553d4cad5a2ede3ef0b12e25aa9fa53d973dee1c0c00c|Luiseno
smj|influent-language-pack-all_0.2.1_all.deb|https://github.com/JesusQuijada34/danenone/releases/download/language-packs-v0.2.1|30f1045bb9d0d8755d6553d4cad5a2ede3ef0b12e25aa9fa53d973dee1c0c00c|Lule Sami
lun|influent-language-pack-all_0.2.1_all.deb|https://github.com/JesusQuijada34/danenone/releases/download/language-packs-v0.2.1|30f1045bb9d0d8755d6553d4cad5a2ede3ef0b12e25aa9fa53d973dee1c0c00c|Lunda
luo|influent-language-pack-all_0.2.1_all.deb|https://github.com/JesusQuijada34/danenone/releases/download/language-packs-v0.2.1|30f1045bb9d0d8755d6553d4cad5a2ede3ef0b12e25aa9fa53d973dee1c0c00c|Luo
lb|influent-language-pack-all_0.2.1_all.deb|https://github.com/JesusQuijada34/danenone/releases/download/language-packs-v0.2.1|30f1045bb9d0d8755d6553d4cad5a2ede3ef0b12e25aa9fa53d973dee1c0c00c|Luxembourgish
luy|influent-language-pack-all_0.2.1_all.deb|https://github.com/JesusQuijada34/danenone/releases/download/language-packs-v0.2.1|30f1045bb9d0d8755d6553d4cad5a2ede3ef0b12e25aa9fa53d973dee1c0c00c|Luyia
mde|influent-language-pack-all_0.2.1_all.deb|https://github.com/JesusQuijada34/danenone/releases/download/language-packs-v0.2.1|30f1045bb9d0d8755d6553d4cad5a2ede3ef0b12e25aa9fa53d973dee1c0c00c|Maba
mk|influent-language-pack-all_0.2.1_all.deb|https://github.com/JesusQuijada34/danenone/releases/download/language-packs-v0.2.1|30f1045bb9d0d8755d6553d4cad5a2ede3ef0b12e25aa9fa53d973dee1c0c00c|Macedonian
jmc|influent-language-pack-all_0.2.1_all.deb|https://github.com/JesusQuijada34/danenone/releases/download/language-packs-v0.2.1|30f1045bb9d0d8755d6553d4cad5a2ede3ef0b12e25aa9fa53d973dee1c0c00c|Machame
mad|influent-language-pack-all_0.2.1_all.deb|https://github.com/JesusQuijada34/danenone/releases/download/language-packs-v0.2.1|30f1045bb9d0d8755d6553d4cad5a2ede3ef0b12e25aa9fa53d973dee1c0c00c|Madurese
maf|influent-language-pack-all_0.2.1_all.deb|https://github.com/JesusQuijada34/danenone/releases/download/language-packs-v0.2.1|30f1045bb9d0d8755d6553d4cad5a2ede3ef0b12e25aa9fa53d973dee1c0c00c|Mafa
mag|influent-language-pack-all_0.2.1_all.deb|https://github.com/JesusQuijada34/danenone/releases/download/language-packs-v0.2.1|30f1045bb9d0d8755d6553d4cad5a2ede3ef0b12e25aa9fa53d973dee1c0c00c|Magahi
vmf|influent-language-pack-all_0.2.1_all.deb|https://github.com/JesusQuijada34/danenone/releases/download/language-packs-v0.2.1|30f1045bb9d0d8755d6553d4cad5a2ede3ef0b12e25aa9fa53d973dee1c0c00c|Main-Franconian
mai|influent-language-pack-all_0.2.1_all.deb|https://github.com/JesusQuijada34/danenone/releases/download/language-packs-v0.2.1|30f1045bb9d0d8755d6553d4cad5a2ede3ef0b12e25aa9fa53d973dee1c0c00c|Maithili
mak|influent-language-pack-all_0.2.1_all.deb|https://github.com/JesusQuijada34/danenone/releases/download/language-packs-v0.2.1|30f1045bb9d0d8755d6553d4cad5a2ede3ef0b12e25aa9fa53d973dee1c0c00c|Makasar
vmw|influent-language-pack-all_0.2.1_all.deb|https://github.com/JesusQuijada34/danenone/releases/download/language-packs-v0.2.1|30f1045bb9d0d8755d6553d4cad5a2ede3ef0b12e25aa9fa53d973dee1c0c00c|Makhuwa
mgh|influent-language-pack-all_0.2.1_all.deb|https://github.com/JesusQuijada34/danenone/releases/download/language-packs-v0.2.1|30f1045bb9d0d8755d6553d4cad5a2ede3ef0b12e25aa9fa53d973dee1c0c00c|Makhuwa-Meetto
kde|influent-language-pack-all_0.2.1_all.deb|https://github.com/JesusQuijada34/danenone/releases/download/language-packs-v0.2.1|30f1045bb9d0d8755d6553d4cad5a2ede3ef0b12e25aa9fa53d973dee1c0c00c|Makonde
mg|influent-language-pack-all_0.2.1_all.deb|https://github.com/JesusQuijada34/danenone/releases/download/language-packs-v0.2.1|30f1045bb9d0d8755d6553d4cad5a2ede3ef0b12e25aa9fa53d973dee1c0c00c|Malagasy
ms|influent-language-pack-all_0.2.1_all.deb|https://github.com/JesusQuijada34/danenone/releases/download/language-packs-v0.2.1|30f1045bb9d0d8755d6553d4cad5a2ede3ef0b12e25aa9fa53d973dee1c0c00c|Malay
ml|influent-language-pack-all_0.2.1_all.deb|https://github.com/JesusQuijada34/danenone/releases/download/language-packs-v0.2.1|30f1045bb9d0d8755d6553d4cad5a2ede3ef0b12e25aa9fa53d973dee1c0c00c|Malayalam
pqm|influent-language-pack-all_0.2.1_all.deb|https://github.com/JesusQuijada34/danenone/releases/download/language-packs-v0.2.1|30f1045bb9d0d8755d6553d4cad5a2ede3ef0b12e25aa9fa53d973dee1c0c00c|Maliseet-Passamaquoddy
mt|influent-language-pack-all_0.2.1_all.deb|https://github.com/JesusQuijada34/danenone/releases/download/language-packs-v0.2.1|30f1045bb9d0d8755d6553d4cad5a2ede3ef0b12e25aa9fa53d973dee1c0c00c|Maltese
mnc|influent-language-pack-all_0.2.1_all.deb|https://github.com/JesusQuijada34/danenone/releases/download/language-packs-v0.2.1|30f1045bb9d0d8755d6553d4cad5a2ede3ef0b12e25aa9fa53d973dee1c0c00c|Manchu
mdr|influent-language-pack-all_0.2.1_all.deb|https://github.com/JesusQuijada34/danenone/releases/download/language-packs-v0.2.1|30f1045bb9d0d8755d6553d4cad5a2ede3ef0b12e25aa9fa53d973dee1c0c00c|Mandar
man|influent-language-pack-all_0.2.1_all.deb|https://github.com/JesusQuijada34/danenone/releases/download/language-packs-v0.2.1|30f1045bb9d0d8755d6553d4cad5a2ede3ef0b12e25aa9fa53d973dee1c0c00c|Mandingo
mni|influent-language-pack-all_0.2.1_all.deb|https://github.com/JesusQuijada34/danenone/releases/download/language-packs-v0.2.1|30f1045bb9d0d8755d6553d4cad5a2ede3ef0b12e25aa9fa53d973dee1c0c00c|Manipuri
gv|influent-language-pack-all_0.2.1_all.deb|https://github.com/JesusQuijada34/danenone/releases/download/language-packs-v0.2.1|30f1045bb9d0d8755d6553d4cad5a2ede3ef0b12e25aa9fa53d973dee1c0c00c|Manx
arn|influent-language-pack-all_0.2.1_all.deb|https://github.com/JesusQuijada34/danenone/releases/download/language-packs-v0.2.1|30f1045bb9d0d8755d6553d4cad5a2ede3ef0b12e25aa9fa53d973dee1c0c00c|Mapuche
mr|influent-language-pack-all_0.2.1_all.deb|https://github.com/JesusQuijada34/danenone/releases/download/language-packs-v0.2.1|30f1045bb9d0d8755d6553d4cad5a2ede3ef0b12e25aa9fa53d973dee1c0c00c|Marathi
chm|influent-language-pack-all_0.2.1_all.deb|https://github.com/JesusQuijada34/danenone/releases/download/language-packs-v0.2.1|30f1045bb9d0d8755d6553d4cad5a2ede3ef0b12e25aa9fa53d973dee1c0c00c|Mari
mh|influent-language-pack-all_0.2.1_all.deb|https://github.com/JesusQuijada34/danenone/releases/download/language-packs-v0.2.1|30f1045bb9d0d8755d6553d4cad5a2ede3ef0b12e25aa9fa53d973dee1c0c00c|Marshallese
mwr|influent-language-pack-all_0.2.1_all.deb|https://github.com/JesusQuijada34/danenone/releases/download/language-packs-v0.2.1|30f1045bb9d0d8755d6553d4cad5a2ede3ef0b12e25aa9fa53d973dee1c0c00c|Marwari
mas|influent-language-pack-all_0.2.1_all.deb|https://github.com/JesusQuijada34/danenone/releases/download/language-packs-v0.2.1|30f1045bb9d0d8755d6553d4cad5a2ede3ef0b12e25aa9fa53d973dee1c0c00c|Masai
mzn|influent-language-pack-all_0.2.1_all.deb|https://github.com/JesusQuijada34/danenone/releases/download/language-packs-v0.2.1|30f1045bb9d0d8755d6553d4cad5a2ede3ef0b12e25aa9fa53d973dee1c0c00c|Mazanderani
byv|influent-language-pack-all_0.2.1_all.deb|https://github.com/JesusQuijada34/danenone/releases/download/language-packs-v0.2.1|30f1045bb9d0d8755d6553d4cad5a2ede3ef0b12e25aa9fa53d973dee1c0c00c|Medumba
men|influent-language-pack-all_0.2.1_all.deb|https://github.com/JesusQuijada34/danenone/releases/download/language-packs-v0.2.1|30f1045bb9d0d8755d6553d4cad5a2ede3ef0b12e25aa9fa53d973dee1c0c00c|Mende
mwv|influent-language-pack-all_0.2.1_all.deb|https://github.com/JesusQuijada34/danenone/releases/download/language-packs-v0.2.1|30f1045bb9d0d8755d6553d4cad5a2ede3ef0b12e25aa9fa53d973dee1c0c00c|Mentawai
mer|influent-language-pack-all_0.2.1_all.deb|https://github.com/JesusQuijada34/danenone/releases/download/language-packs-v0.2.1|30f1045bb9d0d8755d6553d4cad5a2ede3ef0b12e25aa9fa53d973dee1c0c00c|Meru
mgo|influent-language-pack-all_0.2.1_all.deb|https://github.com/JesusQuijada34/danenone/releases/download/language-packs-v0.2.1|30f1045bb9d0d8755d6553d4cad5a2ede3ef0b12e25aa9fa53d973dee1c0c00c|Metaʼ
mic|influent-language-pack-all_0.2.1_all.deb|https://github.com/JesusQuijada34/danenone/releases/download/language-packs-v0.2.1|30f1045bb9d0d8755d6553d4cad5a2ede3ef0b12e25aa9fa53d973dee1c0c00c|Mi'kmaw
crg|influent-language-pack-all_0.2.1_all.deb|https://github.com/JesusQuijada34/danenone/releases/download/language-packs-v0.2.1|30f1045bb9d0d8755d6553d4cad5a2ede3ef0b12e25aa9fa53d973dee1c0c00c|Michif
dum|influent-language-pack-all_0.2.1_all.deb|https://github.com/JesusQuijada34/danenone/releases/download/language-packs-v0.2.1|30f1045bb9d0d8755d6553d4cad5a2ede3ef0b12e25aa9fa53d973dee1c0c00c|Middle Dutch
enm|influent-language-pack-all_0.2.1_all.deb|https://github.com/JesusQuijada34/danenone/releases/download/language-packs-v0.2.1|30f1045bb9d0d8755d6553d4cad5a2ede3ef0b12e25aa9fa53d973dee1c0c00c|Middle English
frm|influent-language-pack-all_0.2.1_all.deb|https://github.com/JesusQuijada34/danenone/releases/download/language-packs-v0.2.1|30f1045bb9d0d8755d6553d4cad5a2ede3ef0b12e25aa9fa53d973dee1c0c00c|Middle French
gmh|influent-language-pack-all_0.2.1_all.deb|https://github.com/JesusQuijada34/danenone/releases/download/language-packs-v0.2.1|30f1045bb9d0d8755d6553d4cad5a2ede3ef0b12e25aa9fa53d973dee1c0c00c|Middle High German
mga|influent-language-pack-all_0.2.1_all.deb|https://github.com/JesusQuijada34/danenone/releases/download/language-packs-v0.2.1|30f1045bb9d0d8755d6553d4cad5a2ede3ef0b12e25aa9fa53d973dee1c0c00c|Middle Irish
nan|influent-language-pack-all_0.2.1_all.deb|https://github.com/JesusQuijada34/danenone/releases/download/language-packs-v0.2.1|30f1045bb9d0d8755d6553d4cad5a2ede3ef0b12e25aa9fa53d973dee1c0c00c|Min Nan Chinese
min|influent-language-pack-all_0.2.1_all.deb|https://github.com/JesusQuijada34/danenone/releases/download/language-packs-v0.2.1|30f1045bb9d0d8755d6553d4cad5a2ede3ef0b12e25aa9fa53d973dee1c0c00c|Minangkabau
xmf|influent-language-pack-all_0.2.1_all.deb|https://github.com/JesusQuijada34/danenone/releases/download/language-packs-v0.2.1|30f1045bb9d0d8755d6553d4cad5a2ede3ef0b12e25aa9fa53d973dee1c0c00c|Mingrelian
mwl|influent-language-pack-all_0.2.1_all.deb|https://github.com/JesusQuijada34/danenone/releases/download/language-packs-v0.2.1|30f1045bb9d0d8755d6553d4cad5a2ede3ef0b12e25aa9fa53d973dee1c0c00c|Mirandese
lus|influent-language-pack-all_0.2.1_all.deb|https://github.com/JesusQuijada34/danenone/releases/download/language-packs-v0.2.1|30f1045bb9d0d8755d6553d4cad5a2ede3ef0b12e25aa9fa53d973dee1c0c00c|Mizo
moh|influent-language-pack-all_0.2.1_all.deb|https://github.com/JesusQuijada34/danenone/releases/download/language-packs-v0.2.1|30f1045bb9d0d8755d6553d4cad5a2ede3ef0b12e25aa9fa53d973dee1c0c00c|Mohawk
mdf|influent-language-pack-all_0.2.1_all.deb|https://github.com/JesusQuijada34/danenone/releases/download/language-packs-v0.2.1|30f1045bb9d0d8755d6553d4cad5a2ede3ef0b12e25aa9fa53d973dee1c0c00c|Moksha
lol|influent-language-pack-all_0.2.1_all.deb|https://github.com/JesusQuijada34/danenone/releases/download/language-packs-v0.2.1|30f1045bb9d0d8755d6553d4cad5a2ede3ef0b12e25aa9fa53d973dee1c0c00c|Mongo
mn|influent-language-pack-all_0.2.1_all.deb|https://github.com/JesusQuijada34/danenone/releases/download/language-packs-v0.2.1|30f1045bb9d0d8755d6553d4cad5a2ede3ef0b12e25aa9fa53d973dee1c0c00c|Mongolian
crm|influent-language-pack-all_0.2.1_all.deb|https://github.com/JesusQuijada34/danenone/releases/download/language-packs-v0.2.1|30f1045bb9d0d8755d6553d4cad5a2ede3ef0b12e25aa9fa53d973dee1c0c00c|Moose Cree
mfe|influent-language-pack-all_0.2.1_all.deb|https://github.com/JesusQuijada34/danenone/releases/download/language-packs-v0.2.1|30f1045bb9d0d8755d6553d4cad5a2ede3ef0b12e25aa9fa53d973dee1c0c00c|Morisyen
ary|influent-language-pack-all_0.2.1_all.deb|https://github.com/JesusQuijada34/danenone/releases/download/language-packs-v0.2.1|30f1045bb9d0d8755d6553d4cad5a2ede3ef0b12e25aa9fa53d973dee1c0c00c|Moroccan Arabic
mos|influent-language-pack-all_0.2.1_all.deb|https://github.com/JesusQuijada34/danenone/releases/download/language-packs-v0.2.1|30f1045bb9d0d8755d6553d4cad5a2ede3ef0b12e25aa9fa53d973dee1c0c00c|Mossi
mua|influent-language-pack-all_0.2.1_all.deb|https://github.com/JesusQuijada34/danenone/releases/download/language-packs-v0.2.1|30f1045bb9d0d8755d6553d4cad5a2ede3ef0b12e25aa9fa53d973dee1c0c00c|Mundang
mus|influent-language-pack-all_0.2.1_all.deb|https://github.com/JesusQuijada34/danenone/releases/download/language-packs-v0.2.1|30f1045bb9d0d8755d6553d4cad5a2ede3ef0b12e25aa9fa53d973dee1c0c00c|Muscogee
ttt|influent-language-pack-all_0.2.1_all.deb|https://github.com/JesusQuijada34/danenone/releases/download/language-packs-v0.2.1|30f1045bb9d0d8755d6553d4cad5a2ede3ef0b12e25aa9fa53d973dee1c0c00c|Muslim Tat
mye|influent-language-pack-all_0.2.1_all.deb|https://github.com/JesusQuijada34/danenone/releases/download/language-packs-v0.2.1|30f1045bb9d0d8755d6553d4cad5a2ede3ef0b12e25aa9fa53d973dee1c0c00c|Myene
mi|influent-language-pack-all_0.2.1_all.deb|https://github.com/JesusQuijada34/danenone/releases/download/language-packs-v0.2.1|30f1045bb9d0d8755d6553d4cad5a2ede3ef0b12e25aa9fa53d973dee1c0c00c|Māori
ars|influent-language-pack-all_0.2.1_all.deb|https://github.com/JesusQuijada34/danenone/releases/download/language-packs-v0.2.1|30f1045bb9d0d8755d6553d4cad5a2ede3ef0b12e25aa9fa53d973dee1c0c00c|Najdi Arabic
naq|influent-language-pack-all_0.2.1_all.deb|https://github.com/JesusQuijada34/danenone/releases/download/language-packs-v0.2.1|30f1045bb9d0d8755d6553d4cad5a2ede3ef0b12e25aa9fa53d973dee1c0c00c|Nama
na|influent-language-pack-all_0.2.1_all.deb|https://github.com/JesusQuijada34/danenone/releases/download/language-packs-v0.2.1|30f1045bb9d0d8755d6553d4cad5a2ede3ef0b12e25aa9fa53d973dee1c0c00c|Nauru
nv|influent-language-pack-all_0.2.1_all.deb|https://github.com/JesusQuijada34/danenone/releases/download/language-packs-v0.2.1|30f1045bb9d0d8755d6553d4cad5a2ede3ef0b12e25aa9fa53d973dee1c0c00c|Navajo
ng|influent-language-pack-all_0.2.1_all.deb|https://github.com/JesusQuijada34/danenone/releases/download/language-packs-v0.2.1|30f1045bb9d0d8755d6553d4cad5a2ede3ef0b12e25aa9fa53d973dee1c0c00c|Ndonga
nap|influent-language-pack-all_0.2.1_all.deb|https://github.com/JesusQuijada34/danenone/releases/download/language-packs-v0.2.1|30f1045bb9d0d8755d6553d4cad5a2ede3ef0b12e25aa9fa53d973dee1c0c00c|Neapolitan
ne|influent-language-pack-all_0.2.1_all.deb|https://github.com/JesusQuijada34/danenone/releases/download/language-packs-v0.2.1|30f1045bb9d0d8755d6553d4cad5a2ede3ef0b12e25aa9fa53d973dee1c0c00c|Nepali
new|influent-language-pack-all_0.2.1_all.deb|https://github.com/JesusQuijada34/danenone/releases/download/language-packs-v0.2.1|30f1045bb9d0d8755d6553d4cad5a2ede3ef0b12e25aa9fa53d973dee1c0c00c|Newari
sba|influent-language-pack-all_0.2.1_all.deb|https://github.com/JesusQuijada34/danenone/releases/download/language-packs-v0.2.1|30f1045bb9d0d8755d6553d4cad5a2ede3ef0b12e25aa9fa53d973dee1c0c00c|Ngambay
nnh|influent-language-pack-all_0.2.1_all.deb|https://github.com/JesusQuijada34/danenone/releases/download/language-packs-v0.2.1|30f1045bb9d0d8755d6553d4cad5a2ede3ef0b12e25aa9fa53d973dee1c0c00c|Ngiemboon
jgo|influent-language-pack-all_0.2.1_all.deb|https://github.com/JesusQuijada34/danenone/releases/download/language-packs-v0.2.1|30f1045bb9d0d8755d6553d4cad5a2ede3ef0b12e25aa9fa53d973dee1c0c00c|Ngomba
yrl|influent-language-pack-all_0.2.1_all.deb|https://github.com/JesusQuijada34/danenone/releases/download/language-packs-v0.2.1|30f1045bb9d0d8755d6553d4cad5a2ede3ef0b12e25aa9fa53d973dee1c0c00c|Nheengatu
nia|influent-language-pack-all_0.2.1_all.deb|https://github.com/JesusQuijada34/danenone/releases/download/language-packs-v0.2.1|30f1045bb9d0d8755d6553d4cad5a2ede3ef0b12e25aa9fa53d973dee1c0c00c|Nias
pcm|influent-language-pack-all_0.2.1_all.deb|https://github.com/JesusQuijada34/danenone/releases/download/language-packs-v0.2.1|30f1045bb9d0d8755d6553d4cad5a2ede3ef0b12e25aa9fa53d973dee1c0c00c|Nigerian Pidgin
niu|influent-language-pack-all_0.2.1_all.deb|https://github.com/JesusQuijada34/danenone/releases/download/language-packs-v0.2.1|30f1045bb9d0d8755d6553d4cad5a2ede3ef0b12e25aa9fa53d973dee1c0c00c|Niuean
nog|influent-language-pack-all_0.2.1_all.deb|https://github.com/JesusQuijada34/danenone/releases/download/language-packs-v0.2.1|30f1045bb9d0d8755d6553d4cad5a2ede3ef0b12e25aa9fa53d973dee1c0c00c|Nogai
nd|influent-language-pack-all_0.2.1_all.deb|https://github.com/JesusQuijada34/danenone/releases/download/language-packs-v0.2.1|30f1045bb9d0d8755d6553d4cad5a2ede3ef0b12e25aa9fa53d973dee1c0c00c|North Ndebele
crl|influent-language-pack-all_0.2.1_all.deb|https://github.com/JesusQuijada34/danenone/releases/download/language-packs-v0.2.1|30f1045bb9d0d8755d6553d4cad5a2ede3ef0b12e25aa9fa53d973dee1c0c00c|Northern East Cree
frr|influent-language-pack-all_0.2.1_all.deb|https://github.com/JesusQuijada34/danenone/releases/download/language-packs-v0.2.1|30f1045bb9d0d8755d6553d4cad5a2ede3ef0b12e25aa9fa53d973dee1c0c00c|Northern Frisian
lrc|influent-language-pack-all_0.2.1_all.deb|https://github.com/JesusQuijada34/danenone/releases/download/language-packs-v0.2.1|30f1045bb9d0d8755d6553d4cad5a2ede3ef0b12e25aa9fa53d973dee1c0c00c|Northern Luri
se|influent-language-pack-all_0.2.1_all.deb|https://github.com/JesusQuijada34/danenone/releases/download/language-packs-v0.2.1|30f1045bb9d0d8755d6553d4cad5a2ede3ef0b12e25aa9fa53d973dee1c0c00c|Northern Sami
nso|influent-language-pack-all_0.2.1_all.deb|https://github.com/JesusQuijada34/danenone/releases/download/language-packs-v0.2.1|30f1045bb9d0d8755d6553d4cad5a2ede3ef0b12e25aa9fa53d973dee1c0c00c|Northern Sotho
ttm|influent-language-pack-all_0.2.1_all.deb|https://github.com/JesusQuijada34/danenone/releases/download/language-packs-v0.2.1|30f1045bb9d0d8755d6553d4cad5a2ede3ef0b12e25aa9fa53d973dee1c0c00c|Northern Tutchone
ojb|influent-language-pack-all_0.2.1_all.deb|https://github.com/JesusQuijada34/danenone/releases/download/language-packs-v0.2.1|30f1045bb9d0d8755d6553d4cad5a2ede3ef0b12e25aa9fa53d973dee1c0c00c|Northwestern Ojibwa
no|influent-language-pack-all_0.2.1_all.deb|https://github.com/JesusQuijada34/danenone/releases/download/language-packs-v0.2.1|30f1045bb9d0d8755d6553d4cad5a2ede3ef0b12e25aa9fa53d973dee1c0c00c|Norwegian
nb|influent-language-pack-all_0.2.1_all.deb|https://github.com/JesusQuijada34/danenone/releases/download/language-packs-v0.2.1|30f1045bb9d0d8755d6553d4cad5a2ede3ef0b12e25aa9fa53d973dee1c0c00c|Norwegian Bokmål
nn|influent-language-pack-all_0.2.1_all.deb|https://github.com/JesusQuijada34/danenone/releases/download/language-packs-v0.2.1|30f1045bb9d0d8755d6553d4cad5a2ede3ef0b12e25aa9fa53d973dee1c0c00c|Norwegian Nynorsk
nov|influent-language-pack-all_0.2.1_all.deb|https://github.com/JesusQuijada34/danenone/releases/download/language-packs-v0.2.1|30f1045bb9d0d8755d6553d4cad5a2ede3ef0b12e25aa9fa53d973dee1c0c00c|Novial
nus|influent-language-pack-all_0.2.1_all.deb|https://github.com/JesusQuijada34/danenone/releases/download/language-packs-v0.2.1|30f1045bb9d0d8755d6553d4cad5a2ede3ef0b12e25aa9fa53d973dee1c0c00c|Nuer
nym|influent-language-pack-all_0.2.1_all.deb|https://github.com/JesusQuijada34/danenone/releases/download/language-packs-v0.2.1|30f1045bb9d0d8755d6553d4cad5a2ede3ef0b12e25aa9fa53d973dee1c0c00c|Nyamwezi
ny|influent-language-pack-all_0.2.1_all.deb|https://github.com/JesusQuijada34/danenone/releases/download/language-packs-v0.2.1|30f1045bb9d0d8755d6553d4cad5a2ede3ef0b12e25aa9fa53d973dee1c0c00c|Nyanja
nyn|influent-language-pack-all_0.2.1_all.deb|https://github.com/JesusQuijada34/danenone/releases/download/language-packs-v0.2.1|30f1045bb9d0d8755d6553d4cad5a2ede3ef0b12e25aa9fa53d973dee1c0c00c|Nyankole
tog|influent-language-pack-all_0.2.1_all.deb|https://github.com/JesusQuijada34/danenone/releases/download/language-packs-v0.2.1|30f1045bb9d0d8755d6553d4cad5a2ede3ef0b12e25aa9fa53d973dee1c0c00c|Nyasa Tonga
nyo|influent-language-pack-all_0.2.1_all.deb|https://github.com/JesusQuijada34/danenone/releases/download/language-packs-v0.2.1|30f1045bb9d0d8755d6553d4cad5a2ede3ef0b12e25aa9fa53d973dee1c0c00c|Nyoro
nzi|influent-language-pack-all_0.2.1_all.deb|https://github.com/JesusQuijada34/danenone/releases/download/language-packs-v0.2.1|30f1045bb9d0d8755d6553d4cad5a2ede3ef0b12e25aa9fa53d973dee1c0c00c|Nzima
nqo|influent-language-pack-all_0.2.1_all.deb|https://github.com/JesusQuijada34/danenone/releases/download/language-packs-v0.2.1|30f1045bb9d0d8755d6553d4cad5a2ede3ef0b12e25aa9fa53d973dee1c0c00c|N’Ko
ann|influent-language-pack-all_0.2.1_all.deb|https://github.com/JesusQuijada34/danenone/releases/download/language-packs-v0.2.1|30f1045bb9d0d8755d6553d4cad5a2ede3ef0b12e25aa9fa53d973dee1c0c00c|Obolo
oc|influent-language-pack-all_0.2.1_all.deb|https://github.com/JesusQuijada34/danenone/releases/download/language-packs-v0.2.1|30f1045bb9d0d8755d6553d4cad5a2ede3ef0b12e25aa9fa53d973dee1c0c00c|Occitan
or|influent-language-pack-all_0.2.1_all.deb|https://github.com/JesusQuijada34/danenone/releases/download/language-packs-v0.2.1|30f1045bb9d0d8755d6553d4cad5a2ede3ef0b12e25aa9fa53d973dee1c0c00c|Odia
ojs|influent-language-pack-all_0.2.1_all.deb|https://github.com/JesusQuijada34/danenone/releases/download/language-packs-v0.2.1|30f1045bb9d0d8755d6553d4cad5a2ede3ef0b12e25aa9fa53d973dee1c0c00c|Oji-Cree
oj|influent-language-pack-all_0.2.1_all.deb|https://github.com/JesusQuijada34/danenone/releases/download/language-packs-v0.2.1|30f1045bb9d0d8755d6553d4cad5a2ede3ef0b12e25aa9fa53d973dee1c0c00c|Ojibwa
oka|influent-language-pack-all_0.2.1_all.deb|https://github.com/JesusQuijada34/danenone/releases/download/language-packs-v0.2.1|30f1045bb9d0d8755d6553d4cad5a2ede3ef0b12e25aa9fa53d973dee1c0c00c|Okanagan
ang|influent-language-pack-all_0.2.1_all.deb|https://github.com/JesusQuijada34/danenone/releases/download/language-packs-v0.2.1|30f1045bb9d0d8755d6553d4cad5a2ede3ef0b12e25aa9fa53d973dee1c0c00c|Old English
fro|influent-language-pack-all_0.2.1_all.deb|https://github.com/JesusQuijada34/danenone/releases/download/language-packs-v0.2.1|30f1045bb9d0d8755d6553d4cad5a2ede3ef0b12e25aa9fa53d973dee1c0c00c|Old French
goh|influent-language-pack-all_0.2.1_all.deb|https://github.com/JesusQuijada34/danenone/releases/download/language-packs-v0.2.1|30f1045bb9d0d8755d6553d4cad5a2ede3ef0b12e25aa9fa53d973dee1c0c00c|Old High German
sga|influent-language-pack-all_0.2.1_all.deb|https://github.com/JesusQuijada34/danenone/releases/download/language-packs-v0.2.1|30f1045bb9d0d8755d6553d4cad5a2ede3ef0b12e25aa9fa53d973dee1c0c00c|Old Irish
non|influent-language-pack-all_0.2.1_all.deb|https://github.com/JesusQuijada34/danenone/releases/download/language-packs-v0.2.1|30f1045bb9d0d8755d6553d4cad5a2ede3ef0b12e25aa9fa53d973dee1c0c00c|Old Norse
peo|influent-language-pack-all_0.2.1_all.deb|https://github.com/JesusQuijada34/danenone/releases/download/language-packs-v0.2.1|30f1045bb9d0d8755d6553d4cad5a2ede3ef0b12e25aa9fa53d973dee1c0c00c|Old Persian
pro|influent-language-pack-all_0.2.1_all.deb|https://github.com/JesusQuijada34/danenone/releases/download/language-packs-v0.2.1|30f1045bb9d0d8755d6553d4cad5a2ede3ef0b12e25aa9fa53d973dee1c0c00c|Old Provençal
om|influent-language-pack-all_0.2.1_all.deb|https://github.com/JesusQuijada34/danenone/releases/download/language-packs-v0.2.1|30f1045bb9d0d8755d6553d4cad5a2ede3ef0b12e25aa9fa53d973dee1c0c00c|Oromo
osa|influent-language-pack-all_0.2.1_all.deb|https://github.com/JesusQuijada34/danenone/releases/download/language-packs-v0.2.1|30f1045bb9d0d8755d6553d4cad5a2ede3ef0b12e25aa9fa53d973dee1c0c00c|Osage
os|influent-language-pack-all_0.2.1_all.deb|https://github.com/JesusQuijada34/danenone/releases/download/language-packs-v0.2.1|30f1045bb9d0d8755d6553d4cad5a2ede3ef0b12e25aa9fa53d973dee1c0c00c|Ossetic
ota|influent-language-pack-all_0.2.1_all.deb|https://github.com/JesusQuijada34/danenone/releases/download/language-packs-v0.2.1|30f1045bb9d0d8755d6553d4cad5a2ede3ef0b12e25aa9fa53d973dee1c0c00c|Ottoman Turkish
pal|influent-language-pack-all_0.2.1_all.deb|https://github.com/JesusQuijada34/danenone/releases/download/language-packs-v0.2.1|30f1045bb9d0d8755d6553d4cad5a2ede3ef0b12e25aa9fa53d973dee1c0c00c|Pahlavi
pfl|influent-language-pack-all_0.2.1_all.deb|https://github.com/JesusQuijada34/danenone/releases/download/language-packs-v0.2.1|30f1045bb9d0d8755d6553d4cad5a2ede3ef0b12e25aa9fa53d973dee1c0c00c|Palatine German
pau|influent-language-pack-all_0.2.1_all.deb|https://github.com/JesusQuijada34/danenone/releases/download/language-packs-v0.2.1|30f1045bb9d0d8755d6553d4cad5a2ede3ef0b12e25aa9fa53d973dee1c0c00c|Palauan
pi|influent-language-pack-all_0.2.1_all.deb|https://github.com/JesusQuijada34/danenone/releases/download/language-packs-v0.2.1|30f1045bb9d0d8755d6553d4cad5a2ede3ef0b12e25aa9fa53d973dee1c0c00c|Pali
pam|influent-language-pack-all_0.2.1_all.deb|https://github.com/JesusQuijada34/danenone/releases/download/language-packs-v0.2.1|30f1045bb9d0d8755d6553d4cad5a2ede3ef0b12e25aa9fa53d973dee1c0c00c|Pampanga
pag|influent-language-pack-all_0.2.1_all.deb|https://github.com/JesusQuijada34/danenone/releases/download/language-packs-v0.2.1|30f1045bb9d0d8755d6553d4cad5a2ede3ef0b12e25aa9fa53d973dee1c0c00c|Pangasinan
pap|influent-language-pack-all_0.2.1_all.deb|https://github.com/JesusQuijada34/danenone/releases/download/language-packs-v0.2.1|30f1045bb9d0d8755d6553d4cad5a2ede3ef0b12e25aa9fa53d973dee1c0c00c|Papiamento
ps|influent-language-pack-all_0.2.1_all.deb|https://github.com/JesusQuijada34/danenone/releases/download/language-packs-v0.2.1|30f1045bb9d0d8755d6553d4cad5a2ede3ef0b12e25aa9fa53d973dee1c0c00c|Pashto
pdc|influent-language-pack-all_0.2.1_all.deb|https://github.com/JesusQuijada34/danenone/releases/download/language-packs-v0.2.1|30f1045bb9d0d8755d6553d4cad5a2ede3ef0b12e25aa9fa53d973dee1c0c00c|Pennsylvania German
fa|influent-language-pack-all_0.2.1_all.deb|https://github.com/JesusQuijada34/danenone/releases/download/language-packs-v0.2.1|30f1045bb9d0d8755d6553d4cad5a2ede3ef0b12e25aa9fa53d973dee1c0c00c|Persian
phn|influent-language-pack-all_0.2.1_all.deb|https://github.com/JesusQuijada34/danenone/releases/download/language-packs-v0.2.1|30f1045bb9d0d8755d6553d4cad5a2ede3ef0b12e25aa9fa53d973dee1c0c00c|Phoenician
pcd|influent-language-pack-all_0.2.1_all.deb|https://github.com/JesusQuijada34/danenone/releases/download/language-packs-v0.2.1|30f1045bb9d0d8755d6553d4cad5a2ede3ef0b12e25aa9fa53d973dee1c0c00c|Picard
pms|influent-language-pack-all_0.2.1_all.deb|https://github.com/JesusQuijada34/danenone/releases/download/language-packs-v0.2.1|30f1045bb9d0d8755d6553d4cad5a2ede3ef0b12e25aa9fa53d973dee1c0c00c|Piedmontese
pis|influent-language-pack-all_0.2.1_all.deb|https://github.com/JesusQuijada34/danenone/releases/download/language-packs-v0.2.1|30f1045bb9d0d8755d6553d4cad5a2ede3ef0b12e25aa9fa53d973dee1c0c00c|Pijin
crk|influent-language-pack-all_0.2.1_all.deb|https://github.com/JesusQuijada34/danenone/releases/download/language-packs-v0.2.1|30f1045bb9d0d8755d6553d4cad5a2ede3ef0b12e25aa9fa53d973dee1c0c00c|Plains Cree
pdt|influent-language-pack-all_0.2.1_all.deb|https://github.com/JesusQuijada34/danenone/releases/download/language-packs-v0.2.1|30f1045bb9d0d8755d6553d4cad5a2ede3ef0b12e25aa9fa53d973dee1c0c00c|Plautdietsch
pon|influent-language-pack-all_0.2.1_all.deb|https://github.com/JesusQuijada34/danenone/releases/download/language-packs-v0.2.1|30f1045bb9d0d8755d6553d4cad5a2ede3ef0b12e25aa9fa53d973dee1c0c00c|Pohnpeian
pl|influent-language-pack-all_0.2.1_all.deb|https://github.com/JesusQuijada34/danenone/releases/download/language-packs-v0.2.1|30f1045bb9d0d8755d6553d4cad5a2ede3ef0b12e25aa9fa53d973dee1c0c00c|Polish
pnt|influent-language-pack-all_0.2.1_all.deb|https://github.com/JesusQuijada34/danenone/releases/download/language-packs-v0.2.1|30f1045bb9d0d8755d6553d4cad5a2ede3ef0b12e25aa9fa53d973dee1c0c00c|Pontic
pt|influent-language-pack-all_0.2.1_all.deb|https://github.com/JesusQuijada34/danenone/releases/download/language-packs-v0.2.1|30f1045bb9d0d8755d6553d4cad5a2ede3ef0b12e25aa9fa53d973dee1c0c00c|Portuguese
prg|influent-language-pack-all_0.2.1_all.deb|https://github.com/JesusQuijada34/danenone/releases/download/language-packs-v0.2.1|30f1045bb9d0d8755d6553d4cad5a2ede3ef0b12e25aa9fa53d973dee1c0c00c|Prussian
pa|influent-language-pack-all_0.2.1_all.deb|https://github.com/JesusQuijada34/danenone/releases/download/language-packs-v0.2.1|30f1045bb9d0d8755d6553d4cad5a2ede3ef0b12e25aa9fa53d973dee1c0c00c|Punjabi
qu|influent-language-pack-all_0.2.1_all.deb|https://github.com/JesusQuijada34/danenone/releases/download/language-packs-v0.2.1|30f1045bb9d0d8755d6553d4cad5a2ede3ef0b12e25aa9fa53d973dee1c0c00c|Quechua
kek|influent-language-pack-all_0.2.1_all.deb|https://github.com/JesusQuijada34/danenone/releases/download/language-packs-v0.2.1|30f1045bb9d0d8755d6553d4cad5a2ede3ef0b12e25aa9fa53d973dee1c0c00c|Qʼeqchiʼ
raj|influent-language-pack-all_0.2.1_all.deb|https://github.com/JesusQuijada34/danenone/releases/download/language-packs-v0.2.1|30f1045bb9d0d8755d6553d4cad5a2ede3ef0b12e25aa9fa53d973dee1c0c00c|Rajasthani
rap|influent-language-pack-all_0.2.1_all.deb|https://github.com/JesusQuijada34/danenone/releases/download/language-packs-v0.2.1|30f1045bb9d0d8755d6553d4cad5a2ede3ef0b12e25aa9fa53d973dee1c0c00c|Rapanui
rar|influent-language-pack-all_0.2.1_all.deb|https://github.com/JesusQuijada34/danenone/releases/download/language-packs-v0.2.1|30f1045bb9d0d8755d6553d4cad5a2ede3ef0b12e25aa9fa53d973dee1c0c00c|Rarotongan
rif|influent-language-pack-all_0.2.1_all.deb|https://github.com/JesusQuijada34/danenone/releases/download/language-packs-v0.2.1|30f1045bb9d0d8755d6553d4cad5a2ede3ef0b12e25aa9fa53d973dee1c0c00c|Riffian
rhg|influent-language-pack-all_0.2.1_all.deb|https://github.com/JesusQuijada34/danenone/releases/download/language-packs-v0.2.1|30f1045bb9d0d8755d6553d4cad5a2ede3ef0b12e25aa9fa53d973dee1c0c00c|Rohingya
rgn|influent-language-pack-all_0.2.1_all.deb|https://github.com/JesusQuijada34/danenone/releases/download/language-packs-v0.2.1|30f1045bb9d0d8755d6553d4cad5a2ede3ef0b12e25aa9fa53d973dee1c0c00c|Romagnol
ro|influent-language-pack-all_0.2.1_all.deb|https://github.com/JesusQuijada34/danenone/releases/download/language-packs-v0.2.1|30f1045bb9d0d8755d6553d4cad5a2ede3ef0b12e25aa9fa53d973dee1c0c00c|Romanian
rm|influent-language-pack-all_0.2.1_all.deb|https://github.com/JesusQuijada34/danenone/releases/download/language-packs-v0.2.1|30f1045bb9d0d8755d6553d4cad5a2ede3ef0b12e25aa9fa53d973dee1c0c00c|Romansh
rom|influent-language-pack-all_0.2.1_all.deb|https://github.com/JesusQuijada34/danenone/releases/download/language-packs-v0.2.1|30f1045bb9d0d8755d6553d4cad5a2ede3ef0b12e25aa9fa53d973dee1c0c00c|Romany
rof|influent-language-pack-all_0.2.1_all.deb|https://github.com/JesusQuijada34/danenone/releases/download/language-packs-v0.2.1|30f1045bb9d0d8755d6553d4cad5a2ede3ef0b12e25aa9fa53d973dee1c0c00c|Rombo
rtm|influent-language-pack-all_0.2.1_all.deb|https://github.com/JesusQuijada34/danenone/releases/download/language-packs-v0.2.1|30f1045bb9d0d8755d6553d4cad5a2ede3ef0b12e25aa9fa53d973dee1c0c00c|Rotuman
rug|influent-language-pack-all_0.2.1_all.deb|https://github.com/JesusQuijada34/danenone/releases/download/language-packs-v0.2.1|30f1045bb9d0d8755d6553d4cad5a2ede3ef0b12e25aa9fa53d973dee1c0c00c|Roviana
rn|influent-language-pack-all_0.2.1_all.deb|https://github.com/JesusQuijada34/danenone/releases/download/language-packs-v0.2.1|30f1045bb9d0d8755d6553d4cad5a2ede3ef0b12e25aa9fa53d973dee1c0c00c|Rundi
ru|influent-language-pack-all_0.2.1_all.deb|https://github.com/JesusQuijada34/danenone/releases/download/language-packs-v0.2.1|30f1045bb9d0d8755d6553d4cad5a2ede3ef0b12e25aa9fa53d973dee1c0c00c|Russian
rue|influent-language-pack-all_0.2.1_all.deb|https://github.com/JesusQuijada34/danenone/releases/download/language-packs-v0.2.1|30f1045bb9d0d8755d6553d4cad5a2ede3ef0b12e25aa9fa53d973dee1c0c00c|Rusyn
rwk|influent-language-pack-all_0.2.1_all.deb|https://github.com/JesusQuijada34/danenone/releases/download/language-packs-v0.2.1|30f1045bb9d0d8755d6553d4cad5a2ede3ef0b12e25aa9fa53d973dee1c0c00c|Rwa
lsm|influent-language-pack-all_0.2.1_all.deb|https://github.com/JesusQuijada34/danenone/releases/download/language-packs-v0.2.1|30f1045bb9d0d8755d6553d4cad5a2ede3ef0b12e25aa9fa53d973dee1c0c00c|Saamia
ssy|influent-language-pack-all_0.2.1_all.deb|https://github.com/JesusQuijada34/danenone/releases/download/language-packs-v0.2.1|30f1045bb9d0d8755d6553d4cad5a2ede3ef0b12e25aa9fa53d973dee1c0c00c|Saho
sam|influent-language-pack-all_0.2.1_all.deb|https://github.com/JesusQuijada34/danenone/releases/download/language-packs-v0.2.1|30f1045bb9d0d8755d6553d4cad5a2ede3ef0b12e25aa9fa53d973dee1c0c00c|Samaritan Aramaic
saq|influent-language-pack-all_0.2.1_all.deb|https://github.com/JesusQuijada34/danenone/releases/download/language-packs-v0.2.1|30f1045bb9d0d8755d6553d4cad5a2ede3ef0b12e25aa9fa53d973dee1c0c00c|Samburu
sm|influent-language-pack-all_0.2.1_all.deb|https://github.com/JesusQuijada34/danenone/releases/download/language-packs-v0.2.1|30f1045bb9d0d8755d6553d4cad5a2ede3ef0b12e25aa9fa53d973dee1c0c00c|Samoan
sgs|influent-language-pack-all_0.2.1_all.deb|https://github.com/JesusQuijada34/danenone/releases/download/language-packs-v0.2.1|30f1045bb9d0d8755d6553d4cad5a2ede3ef0b12e25aa9fa53d973dee1c0c00c|Samogitian
sad|influent-language-pack-all_0.2.1_all.deb|https://github.com/JesusQuijada34/danenone/releases/download/language-packs-v0.2.1|30f1045bb9d0d8755d6553d4cad5a2ede3ef0b12e25aa9fa53d973dee1c0c00c|Sandawe
sg|influent-language-pack-all_0.2.1_all.deb|https://github.com/JesusQuijada34/danenone/releases/download/language-packs-v0.2.1|30f1045bb9d0d8755d6553d4cad5a2ede3ef0b12e25aa9fa53d973dee1c0c00c|Sango
sbp|influent-language-pack-all_0.2.1_all.deb|https://github.com/JesusQuijada34/danenone/releases/download/language-packs-v0.2.1|30f1045bb9d0d8755d6553d4cad5a2ede3ef0b12e25aa9fa53d973dee1c0c00c|Sangu
sa|influent-language-pack-all_0.2.1_all.deb|https://github.com/JesusQuijada34/danenone/releases/download/language-packs-v0.2.1|30f1045bb9d0d8755d6553d4cad5a2ede3ef0b12e25aa9fa53d973dee1c0c00c|Sanskrit
sat|influent-language-pack-all_0.2.1_all.deb|https://github.com/JesusQuijada34/danenone/releases/download/language-packs-v0.2.1|30f1045bb9d0d8755d6553d4cad5a2ede3ef0b12e25aa9fa53d973dee1c0c00c|Santali
sc|influent-language-pack-all_0.2.1_all.deb|https://github.com/JesusQuijada34/danenone/releases/download/language-packs-v0.2.1|30f1045bb9d0d8755d6553d4cad5a2ede3ef0b12e25aa9fa53d973dee1c0c00c|Sardinian
sas|influent-language-pack-all_0.2.1_all.deb|https://github.com/JesusQuijada34/danenone/releases/download/language-packs-v0.2.1|30f1045bb9d0d8755d6553d4cad5a2ede3ef0b12e25aa9fa53d973dee1c0c00c|Sasak
sdc|influent-language-pack-all_0.2.1_all.deb|https://github.com/JesusQuijada34/danenone/releases/download/language-packs-v0.2.1|30f1045bb9d0d8755d6553d4cad5a2ede3ef0b12e25aa9fa53d973dee1c0c00c|Sassarese Sardinian
stq|influent-language-pack-all_0.2.1_all.deb|https://github.com/JesusQuijada34/danenone/releases/download/language-packs-v0.2.1|30f1045bb9d0d8755d6553d4cad5a2ede3ef0b12e25aa9fa53d973dee1c0c00c|Saterland Frisian
sco|influent-language-pack-all_0.2.1_all.deb|https://github.com/JesusQuijada34/danenone/releases/download/language-packs-v0.2.1|30f1045bb9d0d8755d6553d4cad5a2ede3ef0b12e25aa9fa53d973dee1c0c00c|Scots
gd|influent-language-pack-all_0.2.1_all.deb|https://github.com/JesusQuijada34/danenone/releases/download/language-packs-v0.2.1|30f1045bb9d0d8755d6553d4cad5a2ede3ef0b12e25aa9fa53d973dee1c0c00c|Scottish Gaelic
sly|influent-language-pack-all_0.2.1_all.deb|https://github.com/JesusQuijada34/danenone/releases/download/language-packs-v0.2.1|30f1045bb9d0d8755d6553d4cad5a2ede3ef0b12e25aa9fa53d973dee1c0c00c|Selayar
sel|influent-language-pack-all_0.2.1_all.deb|https://github.com/JesusQuijada34/danenone/releases/download/language-packs-v0.2.1|30f1045bb9d0d8755d6553d4cad5a2ede3ef0b12e25aa9fa53d973dee1c0c00c|Selkup
seh|influent-language-pack-all_0.2.1_all.deb|https://github.com/JesusQuijada34/danenone/releases/download/language-packs-v0.2.1|30f1045bb9d0d8755d6553d4cad5a2ede3ef0b12e25aa9fa53d973dee1c0c00c|Sena
see|influent-language-pack-all_0.2.1_all.deb|https://github.com/JesusQuijada34/danenone/releases/download/language-packs-v0.2.1|30f1045bb9d0d8755d6553d4cad5a2ede3ef0b12e25aa9fa53d973dee1c0c00c|Seneca
sr|influent-language-pack-all_0.2.1_all.deb|https://github.com/JesusQuijada34/danenone/releases/download/language-packs-v0.2.1|30f1045bb9d0d8755d6553d4cad5a2ede3ef0b12e25aa9fa53d973dee1c0c00c|Serbian
sh|influent-language-pack-all_0.2.1_all.deb|https://github.com/JesusQuijada34/danenone/releases/download/language-packs-v0.2.1|30f1045bb9d0d8755d6553d4cad5a2ede3ef0b12e25aa9fa53d973dee1c0c00c|Serbo-Croatian
srr|influent-language-pack-all_0.2.1_all.deb|https://github.com/JesusQuijada34/danenone/releases/download/language-packs-v0.2.1|30f1045bb9d0d8755d6553d4cad5a2ede3ef0b12e25aa9fa53d973dee1c0c00c|Serer
sei|influent-language-pack-all_0.2.1_all.deb|https://github.com/JesusQuijada34/danenone/releases/download/language-packs-v0.2.1|30f1045bb9d0d8755d6553d4cad5a2ede3ef0b12e25aa9fa53d973dee1c0c00c|Seri
crs|influent-language-pack-all_0.2.1_all.deb|https://github.com/JesusQuijada34/danenone/releases/download/language-packs-v0.2.1|30f1045bb9d0d8755d6553d4cad5a2ede3ef0b12e25aa9fa53d973dee1c0c00c|Seselwa Creole French
ksb|influent-language-pack-all_0.2.1_all.deb|https://github.com/JesusQuijada34/danenone/releases/download/language-packs-v0.2.1|30f1045bb9d0d8755d6553d4cad5a2ede3ef0b12e25aa9fa53d973dee1c0c00c|Shambala
shn|influent-language-pack-all_0.2.1_all.deb|https://github.com/JesusQuijada34/danenone/releases/download/language-packs-v0.2.1|30f1045bb9d0d8755d6553d4cad5a2ede3ef0b12e25aa9fa53d973dee1c0c00c|Shan
sn|influent-language-pack-all_0.2.1_all.deb|https://github.com/JesusQuijada34/danenone/releases/download/language-packs-v0.2.1|30f1045bb9d0d8755d6553d4cad5a2ede3ef0b12e25aa9fa53d973dee1c0c00c|Shona
ii|influent-language-pack-all_0.2.1_all.deb|https://github.com/JesusQuijada34/danenone/releases/download/language-packs-v0.2.1|30f1045bb9d0d8755d6553d4cad5a2ede3ef0b12e25aa9fa53d973dee1c0c00c|Sichuan Yi
scn|influent-language-pack-all_0.2.1_all.deb|https://github.com/JesusQuijada34/danenone/releases/download/language-packs-v0.2.1|30f1045bb9d0d8755d6553d4cad5a2ede3ef0b12e25aa9fa53d973dee1c0c00c|Sicilian
sid|influent-language-pack-all_0.2.1_all.deb|https://github.com/JesusQuijada34/danenone/releases/download/language-packs-v0.2.1|30f1045bb9d0d8755d6553d4cad5a2ede3ef0b12e25aa9fa53d973dee1c0c00c|Sidamo
bla|influent-language-pack-all_0.2.1_all.deb|https://github.com/JesusQuijada34/danenone/releases/download/language-packs-v0.2.1|30f1045bb9d0d8755d6553d4cad5a2ede3ef0b12e25aa9fa53d973dee1c0c00c|Siksiká
szl|influent-language-pack-all_0.2.1_all.deb|https://github.com/JesusQuijada34/danenone/releases/download/language-packs-v0.2.1|30f1045bb9d0d8755d6553d4cad5a2ede3ef0b12e25aa9fa53d973dee1c0c00c|Silesian
sd|influent-language-pack-all_0.2.1_all.deb|https://github.com/JesusQuijada34/danenone/releases/download/language-packs-v0.2.1|30f1045bb9d0d8755d6553d4cad5a2ede3ef0b12e25aa9fa53d973dee1c0c00c|Sindhi
si|influent-language-pack-all_0.2.1_all.deb|https://github.com/JesusQuijada34/danenone/releases/download/language-packs-v0.2.1|30f1045bb9d0d8755d6553d4cad5a2ede3ef0b12e25aa9fa53d973dee1c0c00c|Sinhala
sms|influent-language-pack-all_0.2.1_all.deb|https://github.com/JesusQuijada34/danenone/releases/download/language-packs-v0.2.1|30f1045bb9d0d8755d6553d4cad5a2ede3ef0b12e25aa9fa53d973dee1c0c00c|Skolt Sami
den|influent-language-pack-all_0.2.1_all.deb|https://github.com/JesusQuijada34/danenone/releases/download/language-packs-v0.2.1|30f1045bb9d0d8755d6553d4cad5a2ede3ef0b12e25aa9fa53d973dee1c0c00c|Slave
sk|influent-language-pack-all_0.2.1_all.deb|https://github.com/JesusQuijada34/danenone/releases/download/language-packs-v0.2.1|30f1045bb9d0d8755d6553d4cad5a2ede3ef0b12e25aa9fa53d973dee1c0c00c|Slovak
sl|influent-language-pack-all_0.2.1_all.deb|https://github.com/JesusQuijada34/danenone/releases/download/language-packs-v0.2.1|30f1045bb9d0d8755d6553d4cad5a2ede3ef0b12e25aa9fa53d973dee1c0c00c|Slovenian
xog|influent-language-pack-all_0.2.1_all.deb|https://github.com/JesusQuijada34/danenone/releases/download/language-packs-v0.2.1|30f1045bb9d0d8755d6553d4cad5a2ede3ef0b12e25aa9fa53d973dee1c0c00c|Soga
sog|influent-language-pack-all_0.2.1_all.deb|https://github.com/JesusQuijada34/danenone/releases/download/language-packs-v0.2.1|30f1045bb9d0d8755d6553d4cad5a2ede3ef0b12e25aa9fa53d973dee1c0c00c|Sogdien
so|influent-language-pack-all_0.2.1_all.deb|https://github.com/JesusQuijada34/danenone/releases/download/language-packs-v0.2.1|30f1045bb9d0d8755d6553d4cad5a2ede3ef0b12e25aa9fa53d973dee1c0c00c|Somali
snk|influent-language-pack-all_0.2.1_all.deb|https://github.com/JesusQuijada34/danenone/releases/download/language-packs-v0.2.1|30f1045bb9d0d8755d6553d4cad5a2ede3ef0b12e25aa9fa53d973dee1c0c00c|Soninke
saz|influent-language-pack-all_0.2.1_all.deb|https://github.com/JesusQuijada34/danenone/releases/download/language-packs-v0.2.1|30f1045bb9d0d8755d6553d4cad5a2ede3ef0b12e25aa9fa53d973dee1c0c00c|Sourashtra
nr|influent-language-pack-all_0.2.1_all.deb|https://github.com/JesusQuijada34/danenone/releases/download/language-packs-v0.2.1|30f1045bb9d0d8755d6553d4cad5a2ede3ef0b12e25aa9fa53d973dee1c0c00c|South Ndebele
alt|influent-language-pack-all_0.2.1_all.deb|https://github.com/JesusQuijada34/danenone/releases/download/language-packs-v0.2.1|30f1045bb9d0d8755d6553d4cad5a2ede3ef0b12e25aa9fa53d973dee1c0c00c|Southern Altai
crj|influent-language-pack-all_0.2.1_all.deb|https://github.com/JesusQuijada34/danenone/releases/download/language-packs-v0.2.1|30f1045bb9d0d8755d6553d4cad5a2ede3ef0b12e25aa9fa53d973dee1c0c00c|Southern East Cree
hax|influent-language-pack-all_0.2.1_all.deb|https://github.com/JesusQuijada34/danenone/releases/download/language-packs-v0.2.1|30f1045bb9d0d8755d6553d4cad5a2ede3ef0b12e25aa9fa53d973dee1c0c00c|Southern Haida
sdh|influent-language-pack-all_0.2.1_all.deb|https://github.com/JesusQuijada34/danenone/releases/download/language-packs-v0.2.1|30f1045bb9d0d8755d6553d4cad5a2ede3ef0b12e25aa9fa53d973dee1c0c00c|Southern Kurdish
slh|influent-language-pack-all_0.2.1_all.deb|https://github.com/JesusQuijada34/danenone/releases/download/language-packs-v0.2.1|30f1045bb9d0d8755d6553d4cad5a2ede3ef0b12e25aa9fa53d973dee1c0c00c|Southern Lushootseed
sma|influent-language-pack-all_0.2.1_all.deb|https://github.com/JesusQuijada34/danenone/releases/download/language-packs-v0.2.1|30f1045bb9d0d8755d6553d4cad5a2ede3ef0b12e25aa9fa53d973dee1c0c00c|Southern Sami
st|influent-language-pack-all_0.2.1_all.deb|https://github.com/JesusQuijada34/danenone/releases/download/language-packs-v0.2.1|30f1045bb9d0d8755d6553d4cad5a2ede3ef0b12e25aa9fa53d973dee1c0c00c|Southern Sotho
tce|influent-language-pack-all_0.2.1_all.deb|https://github.com/JesusQuijada34/danenone/releases/download/language-packs-v0.2.1|30f1045bb9d0d8755d6553d4cad5a2ede3ef0b12e25aa9fa53d973dee1c0c00c|Southern Tutchone
es|influent-language-pack-all_0.2.1_all.deb|https://github.com/JesusQuijada34/danenone/releases/download/language-packs-v0.2.1|30f1045bb9d0d8755d6553d4cad5a2ede3ef0b12e25aa9fa53d973dee1c0c00c|Spanish
srn|influent-language-pack-all_0.2.1_all.deb|https://github.com/JesusQuijada34/danenone/releases/download/language-packs-v0.2.1|30f1045bb9d0d8755d6553d4cad5a2ede3ef0b12e25aa9fa53d973dee1c0c00c|Sranan Tongo
zgh|influent-language-pack-all_0.2.1_all.deb|https://github.com/JesusQuijada34/danenone/releases/download/language-packs-v0.2.1|30f1045bb9d0d8755d6553d4cad5a2ede3ef0b12e25aa9fa53d973dee1c0c00c|Standard Moroccan Tamazight
str|influent-language-pack-all_0.2.1_all.deb|https://github.com/JesusQuijada34/danenone/releases/download/language-packs-v0.2.1|30f1045bb9d0d8755d6553d4cad5a2ede3ef0b12e25aa9fa53d973dee1c0c00c|Straits Salish
suk|influent-language-pack-all_0.2.1_all.deb|https://github.com/JesusQuijada34/danenone/releases/download/language-packs-v0.2.1|30f1045bb9d0d8755d6553d4cad5a2ede3ef0b12e25aa9fa53d973dee1c0c00c|Sukuma
sux|influent-language-pack-all_0.2.1_all.deb|https://github.com/JesusQuijada34/danenone/releases/download/language-packs-v0.2.1|30f1045bb9d0d8755d6553d4cad5a2ede3ef0b12e25aa9fa53d973dee1c0c00c|Sumerian
su|influent-language-pack-all_0.2.1_all.deb|https://github.com/JesusQuijada34/danenone/releases/download/language-packs-v0.2.1|30f1045bb9d0d8755d6553d4cad5a2ede3ef0b12e25aa9fa53d973dee1c0c00c|Sundanese
sus|influent-language-pack-all_0.2.1_all.deb|https://github.com/JesusQuijada34/danenone/releases/download/language-packs-v0.2.1|30f1045bb9d0d8755d6553d4cad5a2ede3ef0b12e25aa9fa53d973dee1c0c00c|Susu
sw|influent-language-pack-all_0.2.1_all.deb|https://github.com/JesusQuijada34/danenone/releases/download/language-packs-v0.2.1|30f1045bb9d0d8755d6553d4cad5a2ede3ef0b12e25aa9fa53d973dee1c0c00c|Swahili
csw|influent-language-pack-all_0.2.1_all.deb|https://github.com/JesusQuijada34/danenone/releases/download/language-packs-v0.2.1|30f1045bb9d0d8755d6553d4cad5a2ede3ef0b12e25aa9fa53d973dee1c0c00c|Swampy Cree
ss|influent-language-pack-all_0.2.1_all.deb|https://github.com/JesusQuijada34/danenone/releases/download/language-packs-v0.2.1|30f1045bb9d0d8755d6553d4cad5a2ede3ef0b12e25aa9fa53d973dee1c0c00c|Swati
sv|influent-language-pack-all_0.2.1_all.deb|https://github.com/JesusQuijada34/danenone/releases/download/language-packs-v0.2.1|30f1045bb9d0d8755d6553d4cad5a2ede3ef0b12e25aa9fa53d973dee1c0c00c|Swedish
gsw|influent-language-pack-all_0.2.1_all.deb|https://github.com/JesusQuijada34/danenone/releases/download/language-packs-v0.2.1|30f1045bb9d0d8755d6553d4cad5a2ede3ef0b12e25aa9fa53d973dee1c0c00c|Swiss German
syr|influent-language-pack-all_0.2.1_all.deb|https://github.com/JesusQuijada34/danenone/releases/download/language-packs-v0.2.1|30f1045bb9d0d8755d6553d4cad5a2ede3ef0b12e25aa9fa53d973dee1c0c00c|Syriac
shi|influent-language-pack-all_0.2.1_all.deb|https://github.com/JesusQuijada34/danenone/releases/download/language-packs-v0.2.1|30f1045bb9d0d8755d6553d4cad5a2ede3ef0b12e25aa9fa53d973dee1c0c00c|Tachelhit
tl|influent-language-pack-all_0.2.1_all.deb|https://github.com/JesusQuijada34/danenone/releases/download/language-packs-v0.2.1|30f1045bb9d0d8755d6553d4cad5a2ede3ef0b12e25aa9fa53d973dee1c0c00c|Tagalog
tgx|influent-language-pack-all_0.2.1_all.deb|https://github.com/JesusQuijada34/danenone/releases/download/language-packs-v0.2.1|30f1045bb9d0d8755d6553d4cad5a2ede3ef0b12e25aa9fa53d973dee1c0c00c|Tagish
ty|influent-language-pack-all_0.2.1_all.deb|https://github.com/JesusQuijada34/danenone/releases/download/language-packs-v0.2.1|30f1045bb9d0d8755d6553d4cad5a2ede3ef0b12e25aa9fa53d973dee1c0c00c|Tahitian
tht|influent-language-pack-all_0.2.1_all.deb|https://github.com/JesusQuijada34/danenone/releases/download/language-packs-v0.2.1|30f1045bb9d0d8755d6553d4cad5a2ede3ef0b12e25aa9fa53d973dee1c0c00c|Tahltan
blt|influent-language-pack-all_0.2.1_all.deb|https://github.com/JesusQuijada34/danenone/releases/download/language-packs-v0.2.1|30f1045bb9d0d8755d6553d4cad5a2ede3ef0b12e25aa9fa53d973dee1c0c00c|Tai Dam
dav|influent-language-pack-all_0.2.1_all.deb|https://github.com/JesusQuijada34/danenone/releases/download/language-packs-v0.2.1|30f1045bb9d0d8755d6553d4cad5a2ede3ef0b12e25aa9fa53d973dee1c0c00c|Taita
tg|influent-language-pack-all_0.2.1_all.deb|https://github.com/JesusQuijada34/danenone/releases/download/language-packs-v0.2.1|30f1045bb9d0d8755d6553d4cad5a2ede3ef0b12e25aa9fa53d973dee1c0c00c|Tajik
tly|influent-language-pack-all_0.2.1_all.deb|https://github.com/JesusQuijada34/danenone/releases/download/language-packs-v0.2.1|30f1045bb9d0d8755d6553d4cad5a2ede3ef0b12e25aa9fa53d973dee1c0c00c|Talysh
tmh|influent-language-pack-all_0.2.1_all.deb|https://github.com/JesusQuijada34/danenone/releases/download/language-packs-v0.2.1|30f1045bb9d0d8755d6553d4cad5a2ede3ef0b12e25aa9fa53d973dee1c0c00c|Tamashek
ta|influent-language-pack-all_0.2.1_all.deb|https://github.com/JesusQuijada34/danenone/releases/download/language-packs-v0.2.1|30f1045bb9d0d8755d6553d4cad5a2ede3ef0b12e25aa9fa53d973dee1c0c00c|Tamil
trv|influent-language-pack-all_0.2.1_all.deb|https://github.com/JesusQuijada34/danenone/releases/download/language-packs-v0.2.1|30f1045bb9d0d8755d6553d4cad5a2ede3ef0b12e25aa9fa53d973dee1c0c00c|Taroko
twq|influent-language-pack-all_0.2.1_all.deb|https://github.com/JesusQuijada34/danenone/releases/download/language-packs-v0.2.1|30f1045bb9d0d8755d6553d4cad5a2ede3ef0b12e25aa9fa53d973dee1c0c00c|Tasawaq
tt|influent-language-pack-all_0.2.1_all.deb|https://github.com/JesusQuijada34/danenone/releases/download/language-packs-v0.2.1|30f1045bb9d0d8755d6553d4cad5a2ede3ef0b12e25aa9fa53d973dee1c0c00c|Tatar
te|influent-language-pack-all_0.2.1_all.deb|https://github.com/JesusQuijada34/danenone/releases/download/language-packs-v0.2.1|30f1045bb9d0d8755d6553d4cad5a2ede3ef0b12e25aa9fa53d973dee1c0c00c|Telugu
ter|influent-language-pack-all_0.2.1_all.deb|https://github.com/JesusQuijada34/danenone/releases/download/language-packs-v0.2.1|30f1045bb9d0d8755d6553d4cad5a2ede3ef0b12e25aa9fa53d973dee1c0c00c|Tereno
teo|influent-language-pack-all_0.2.1_all.deb|https://github.com/JesusQuijada34/danenone/releases/download/language-packs-v0.2.1|30f1045bb9d0d8755d6553d4cad5a2ede3ef0b12e25aa9fa53d973dee1c0c00c|Teso
tet|influent-language-pack-all_0.2.1_all.deb|https://github.com/JesusQuijada34/danenone/releases/download/language-packs-v0.2.1|30f1045bb9d0d8755d6553d4cad5a2ede3ef0b12e25aa9fa53d973dee1c0c00c|Tetum
th|influent-language-pack-all_0.2.1_all.deb|https://github.com/JesusQuijada34/danenone/releases/download/language-packs-v0.2.1|30f1045bb9d0d8755d6553d4cad5a2ede3ef0b12e25aa9fa53d973dee1c0c00c|Thai
bo|influent-language-pack-all_0.2.1_all.deb|https://github.com/JesusQuijada34/danenone/releases/download/language-packs-v0.2.1|30f1045bb9d0d8755d6553d4cad5a2ede3ef0b12e25aa9fa53d973dee1c0c00c|Tibetan
tig|influent-language-pack-all_0.2.1_all.deb|https://github.com/JesusQuijada34/danenone/releases/download/language-packs-v0.2.1|30f1045bb9d0d8755d6553d4cad5a2ede3ef0b12e25aa9fa53d973dee1c0c00c|Tigre
ti|influent-language-pack-all_0.2.1_all.deb|https://github.com/JesusQuijada34/danenone/releases/download/language-packs-v0.2.1|30f1045bb9d0d8755d6553d4cad5a2ede3ef0b12e25aa9fa53d973dee1c0c00c|Tigrinya
tem|influent-language-pack-all_0.2.1_all.deb|https://github.com/JesusQuijada34/danenone/releases/download/language-packs-v0.2.1|30f1045bb9d0d8755d6553d4cad5a2ede3ef0b12e25aa9fa53d973dee1c0c00c|Timne
tiv|influent-language-pack-all_0.2.1_all.deb|https://github.com/JesusQuijada34/danenone/releases/download/language-packs-v0.2.1|30f1045bb9d0d8755d6553d4cad5a2ede3ef0b12e25aa9fa53d973dee1c0c00c|Tiv
tli|influent-language-pack-all_0.2.1_all.deb|https://github.com/JesusQuijada34/danenone/releases/download/language-packs-v0.2.1|30f1045bb9d0d8755d6553d4cad5a2ede3ef0b12e25aa9fa53d973dee1c0c00c|Tlingit
tpi|influent-language-pack-all_0.2.1_all.deb|https://github.com/JesusQuijada34/danenone/releases/download/language-packs-v0.2.1|30f1045bb9d0d8755d6553d4cad5a2ede3ef0b12e25aa9fa53d973dee1c0c00c|Tok Pisin
tkl|influent-language-pack-all_0.2.1_all.deb|https://github.com/JesusQuijada34/danenone/releases/download/language-packs-v0.2.1|30f1045bb9d0d8755d6553d4cad5a2ede3ef0b12e25aa9fa53d973dee1c0c00c|Tokelauan
tok|influent-language-pack-all_0.2.1_all.deb|https://github.com/JesusQuijada34/danenone/releases/download/language-packs-v0.2.1|30f1045bb9d0d8755d6553d4cad5a2ede3ef0b12e25aa9fa53d973dee1c0c00c|Toki Pona
to|influent-language-pack-all_0.2.1_all.deb|https://github.com/JesusQuijada34/danenone/releases/download/language-packs-v0.2.1|30f1045bb9d0d8755d6553d4cad5a2ede3ef0b12e25aa9fa53d973dee1c0c00c|Tongan
fit|influent-language-pack-all_0.2.1_all.deb|https://github.com/JesusQuijada34/danenone/releases/download/language-packs-v0.2.1|30f1045bb9d0d8755d6553d4cad5a2ede3ef0b12e25aa9fa53d973dee1c0c00c|Tornedalen Finnish
trw|influent-language-pack-all_0.2.1_all.deb|https://github.com/JesusQuijada34/danenone/releases/download/language-packs-v0.2.1|30f1045bb9d0d8755d6553d4cad5a2ede3ef0b12e25aa9fa53d973dee1c0c00c|Torwali
tkr|influent-language-pack-all_0.2.1_all.deb|https://github.com/JesusQuijada34/danenone/releases/download/language-packs-v0.2.1|30f1045bb9d0d8755d6553d4cad5a2ede3ef0b12e25aa9fa53d973dee1c0c00c|Tsakhur
tsd|influent-language-pack-all_0.2.1_all.deb|https://github.com/JesusQuijada34/danenone/releases/download/language-packs-v0.2.1|30f1045bb9d0d8755d6553d4cad5a2ede3ef0b12e25aa9fa53d973dee1c0c00c|Tsakonian
tsi|influent-language-pack-all_0.2.1_all.deb|https://github.com/JesusQuijada34/danenone/releases/download/language-packs-v0.2.1|30f1045bb9d0d8755d6553d4cad5a2ede3ef0b12e25aa9fa53d973dee1c0c00c|Tsimshian
ts|influent-language-pack-all_0.2.1_all.deb|https://github.com/JesusQuijada34/danenone/releases/download/language-packs-v0.2.1|30f1045bb9d0d8755d6553d4cad5a2ede3ef0b12e25aa9fa53d973dee1c0c00c|Tsonga
tn|influent-language-pack-all_0.2.1_all.deb|https://github.com/JesusQuijada34/danenone/releases/download/language-packs-v0.2.1|30f1045bb9d0d8755d6553d4cad5a2ede3ef0b12e25aa9fa53d973dee1c0c00c|Tswana
tcy|influent-language-pack-all_0.2.1_all.deb|https://github.com/JesusQuijada34/danenone/releases/download/language-packs-v0.2.1|30f1045bb9d0d8755d6553d4cad5a2ede3ef0b12e25aa9fa53d973dee1c0c00c|Tulu
tum|influent-language-pack-all_0.2.1_all.deb|https://github.com/JesusQuijada34/danenone/releases/download/language-packs-v0.2.1|30f1045bb9d0d8755d6553d4cad5a2ede3ef0b12e25aa9fa53d973dee1c0c00c|Tumbuka
aeb|influent-language-pack-all_0.2.1_all.deb|https://github.com/JesusQuijada34/danenone/releases/download/language-packs-v0.2.1|30f1045bb9d0d8755d6553d4cad5a2ede3ef0b12e25aa9fa53d973dee1c0c00c|Tunisian Arabic
tr|influent-language-pack-all_0.2.1_all.deb|https://github.com/JesusQuijada34/danenone/releases/download/language-packs-v0.2.1|30f1045bb9d0d8755d6553d4cad5a2ede3ef0b12e25aa9fa53d973dee1c0c00c|Turkish
tk|influent-language-pack-all_0.2.1_all.deb|https://github.com/JesusQuijada34/danenone/releases/download/language-packs-v0.2.1|30f1045bb9d0d8755d6553d4cad5a2ede3ef0b12e25aa9fa53d973dee1c0c00c|Turkmen
tru|influent-language-pack-all_0.2.1_all.deb|https://github.com/JesusQuijada34/danenone/releases/download/language-packs-v0.2.1|30f1045bb9d0d8755d6553d4cad5a2ede3ef0b12e25aa9fa53d973dee1c0c00c|Turoyo
tvl|influent-language-pack-all_0.2.1_all.deb|https://github.com/JesusQuijada34/danenone/releases/download/language-packs-v0.2.1|30f1045bb9d0d8755d6553d4cad5a2ede3ef0b12e25aa9fa53d973dee1c0c00c|Tuvalu
tyv|influent-language-pack-all_0.2.1_all.deb|https://github.com/JesusQuijada34/danenone/releases/download/language-packs-v0.2.1|30f1045bb9d0d8755d6553d4cad5a2ede3ef0b12e25aa9fa53d973dee1c0c00c|Tuvinian
tw|influent-language-pack-all_0.2.1_all.deb|https://github.com/JesusQuijada34/danenone/releases/download/language-packs-v0.2.1|30f1045bb9d0d8755d6553d4cad5a2ede3ef0b12e25aa9fa53d973dee1c0c00c|Twi
kcg|influent-language-pack-all_0.2.1_all.deb|https://github.com/JesusQuijada34/danenone/releases/download/language-packs-v0.2.1|30f1045bb9d0d8755d6553d4cad5a2ede3ef0b12e25aa9fa53d973dee1c0c00c|Tyap
udm|influent-language-pack-all_0.2.1_all.deb|https://github.com/JesusQuijada34/danenone/releases/download/language-packs-v0.2.1|30f1045bb9d0d8755d6553d4cad5a2ede3ef0b12e25aa9fa53d973dee1c0c00c|Udmurt
uga|influent-language-pack-all_0.2.1_all.deb|https://github.com/JesusQuijada34/danenone/releases/download/language-packs-v0.2.1|30f1045bb9d0d8755d6553d4cad5a2ede3ef0b12e25aa9fa53d973dee1c0c00c|Ugaritic
uk|influent-language-pack-all_0.2.1_all.deb|https://github.com/JesusQuijada34/danenone/releases/download/language-packs-v0.2.1|30f1045bb9d0d8755d6553d4cad5a2ede3ef0b12e25aa9fa53d973dee1c0c00c|Ukrainian
umb|influent-language-pack-all_0.2.1_all.deb|https://github.com/JesusQuijada34/danenone/releases/download/language-packs-v0.2.1|30f1045bb9d0d8755d6553d4cad5a2ede3ef0b12e25aa9fa53d973dee1c0c00c|Umbundu
hsb|influent-language-pack-all_0.2.1_all.deb|https://github.com/JesusQuijada34/danenone/releases/download/language-packs-v0.2.1|30f1045bb9d0d8755d6553d4cad5a2ede3ef0b12e25aa9fa53d973dee1c0c00c|Upper Sorbian
ur|influent-language-pack-all_0.2.1_all.deb|https://github.com/JesusQuijada34/danenone/releases/download/language-packs-v0.2.1|30f1045bb9d0d8755d6553d4cad5a2ede3ef0b12e25aa9fa53d973dee1c0c00c|Urdu
ug|influent-language-pack-all_0.2.1_all.deb|https://github.com/JesusQuijada34/danenone/releases/download/language-packs-v0.2.1|30f1045bb9d0d8755d6553d4cad5a2ede3ef0b12e25aa9fa53d973dee1c0c00c|Uyghur
uz|influent-language-pack-all_0.2.1_all.deb|https://github.com/JesusQuijada34/danenone/releases/download/language-packs-v0.2.1|30f1045bb9d0d8755d6553d4cad5a2ede3ef0b12e25aa9fa53d973dee1c0c00c|Uzbek
vai|influent-language-pack-all_0.2.1_all.deb|https://github.com/JesusQuijada34/danenone/releases/download/language-packs-v0.2.1|30f1045bb9d0d8755d6553d4cad5a2ede3ef0b12e25aa9fa53d973dee1c0c00c|Vai
ve|influent-language-pack-all_0.2.1_all.deb|https://github.com/JesusQuijada34/danenone/releases/download/language-packs-v0.2.1|30f1045bb9d0d8755d6553d4cad5a2ede3ef0b12e25aa9fa53d973dee1c0c00c|Venda
vec|influent-language-pack-all_0.2.1_all.deb|https://github.com/JesusQuijada34/danenone/releases/download/language-packs-v0.2.1|30f1045bb9d0d8755d6553d4cad5a2ede3ef0b12e25aa9fa53d973dee1c0c00c|Venetian
vep|influent-language-pack-all_0.2.1_all.deb|https://github.com/JesusQuijada34/danenone/releases/download/language-packs-v0.2.1|30f1045bb9d0d8755d6553d4cad5a2ede3ef0b12e25aa9fa53d973dee1c0c00c|Veps
vi|influent-language-pack-all_0.2.1_all.deb|https://github.com/JesusQuijada34/danenone/releases/download/language-packs-v0.2.1|30f1045bb9d0d8755d6553d4cad5a2ede3ef0b12e25aa9fa53d973dee1c0c00c|Vietnamese
vo|influent-language-pack-all_0.2.1_all.deb|https://github.com/JesusQuijada34/danenone/releases/download/language-packs-v0.2.1|30f1045bb9d0d8755d6553d4cad5a2ede3ef0b12e25aa9fa53d973dee1c0c00c|Volapük
vot|influent-language-pack-all_0.2.1_all.deb|https://github.com/JesusQuijada34/danenone/releases/download/language-packs-v0.2.1|30f1045bb9d0d8755d6553d4cad5a2ede3ef0b12e25aa9fa53d973dee1c0c00c|Votic
vun|influent-language-pack-all_0.2.1_all.deb|https://github.com/JesusQuijada34/danenone/releases/download/language-packs-v0.2.1|30f1045bb9d0d8755d6553d4cad5a2ede3ef0b12e25aa9fa53d973dee1c0c00c|Vunjo
vro|influent-language-pack-all_0.2.1_all.deb|https://github.com/JesusQuijada34/danenone/releases/download/language-packs-v0.2.1|30f1045bb9d0d8755d6553d4cad5a2ede3ef0b12e25aa9fa53d973dee1c0c00c|Võro
wa|influent-language-pack-all_0.2.1_all.deb|https://github.com/JesusQuijada34/danenone/releases/download/language-packs-v0.2.1|30f1045bb9d0d8755d6553d4cad5a2ede3ef0b12e25aa9fa53d973dee1c0c00c|Walloon
wae|influent-language-pack-all_0.2.1_all.deb|https://github.com/JesusQuijada34/danenone/releases/download/language-packs-v0.2.1|30f1045bb9d0d8755d6553d4cad5a2ede3ef0b12e25aa9fa53d973dee1c0c00c|Walser
war|influent-language-pack-all_0.2.1_all.deb|https://github.com/JesusQuijada34/danenone/releases/download/language-packs-v0.2.1|30f1045bb9d0d8755d6553d4cad5a2ede3ef0b12e25aa9fa53d973dee1c0c00c|Waray
wbp|influent-language-pack-all_0.2.1_all.deb|https://github.com/JesusQuijada34/danenone/releases/download/language-packs-v0.2.1|30f1045bb9d0d8755d6553d4cad5a2ede3ef0b12e25aa9fa53d973dee1c0c00c|Warlpiri
was|influent-language-pack-all_0.2.1_all.deb|https://github.com/JesusQuijada34/danenone/releases/download/language-packs-v0.2.1|30f1045bb9d0d8755d6553d4cad5a2ede3ef0b12e25aa9fa53d973dee1c0c00c|Washo
guc|influent-language-pack-all_0.2.1_all.deb|https://github.com/JesusQuijada34/danenone/releases/download/language-packs-v0.2.1|30f1045bb9d0d8755d6553d4cad5a2ede3ef0b12e25aa9fa53d973dee1c0c00c|Wayuu
cy|influent-language-pack-all_0.2.1_all.deb|https://github.com/JesusQuijada34/danenone/releases/download/language-packs-v0.2.1|30f1045bb9d0d8755d6553d4cad5a2ede3ef0b12e25aa9fa53d973dee1c0c00c|Welsh
vls|influent-language-pack-all_0.2.1_all.deb|https://github.com/JesusQuijada34/danenone/releases/download/language-packs-v0.2.1|30f1045bb9d0d8755d6553d4cad5a2ede3ef0b12e25aa9fa53d973dee1c0c00c|West Flemish
bgn|influent-language-pack-all_0.2.1_all.deb|https://github.com/JesusQuijada34/danenone/releases/download/language-packs-v0.2.1|30f1045bb9d0d8755d6553d4cad5a2ede3ef0b12e25aa9fa53d973dee1c0c00c|Western Balochi
ikt|influent-language-pack-all_0.2.1_all.deb|https://github.com/JesusQuijada34/danenone/releases/download/language-packs-v0.2.1|30f1045bb9d0d8755d6553d4cad5a2ede3ef0b12e25aa9fa53d973dee1c0c00c|Western Canadian Inuktitut
fy|influent-language-pack-all_0.2.1_all.deb|https://github.com/JesusQuijada34/danenone/releases/download/language-packs-v0.2.1|30f1045bb9d0d8755d6553d4cad5a2ede3ef0b12e25aa9fa53d973dee1c0c00c|Western Frisian
mrj|influent-language-pack-all_0.2.1_all.deb|https://github.com/JesusQuijada34/danenone/releases/download/language-packs-v0.2.1|30f1045bb9d0d8755d6553d4cad5a2ede3ef0b12e25aa9fa53d973dee1c0c00c|Western Mari
ojw|influent-language-pack-all_0.2.1_all.deb|https://github.com/JesusQuijada34/danenone/releases/download/language-packs-v0.2.1|30f1045bb9d0d8755d6553d4cad5a2ede3ef0b12e25aa9fa53d973dee1c0c00c|Western Ojibwa
lah|influent-language-pack-all_0.2.1_all.deb|https://github.com/JesusQuijada34/danenone/releases/download/language-packs-v0.2.1|30f1045bb9d0d8755d6553d4cad5a2ede3ef0b12e25aa9fa53d973dee1c0c00c|Western Panjabi
wal|influent-language-pack-all_0.2.1_all.deb|https://github.com/JesusQuijada34/danenone/releases/download/language-packs-v0.2.1|30f1045bb9d0d8755d6553d4cad5a2ede3ef0b12e25aa9fa53d973dee1c0c00c|Wolaytta
wo|influent-language-pack-all_0.2.1_all.deb|https://github.com/JesusQuijada34/danenone/releases/download/language-packs-v0.2.1|30f1045bb9d0d8755d6553d4cad5a2ede3ef0b12e25aa9fa53d973dee1c0c00c|Wolof
wuu|influent-language-pack-all_0.2.1_all.deb|https://github.com/JesusQuijada34/danenone/releases/download/language-packs-v0.2.1|30f1045bb9d0d8755d6553d4cad5a2ede3ef0b12e25aa9fa53d973dee1c0c00c|Wu Chinese
xh|influent-language-pack-all_0.2.1_all.deb|https://github.com/JesusQuijada34/danenone/releases/download/language-packs-v0.2.1|30f1045bb9d0d8755d6553d4cad5a2ede3ef0b12e25aa9fa53d973dee1c0c00c|Xhosa
hsn|influent-language-pack-all_0.2.1_all.deb|https://github.com/JesusQuijada34/danenone/releases/download/language-packs-v0.2.1|30f1045bb9d0d8755d6553d4cad5a2ede3ef0b12e25aa9fa53d973dee1c0c00c|Xiang Chinese
sah|influent-language-pack-all_0.2.1_all.deb|https://github.com/JesusQuijada34/danenone/releases/download/language-packs-v0.2.1|30f1045bb9d0d8755d6553d4cad5a2ede3ef0b12e25aa9fa53d973dee1c0c00c|Yakut
yav|influent-language-pack-all_0.2.1_all.deb|https://github.com/JesusQuijada34/danenone/releases/download/language-packs-v0.2.1|30f1045bb9d0d8755d6553d4cad5a2ede3ef0b12e25aa9fa53d973dee1c0c00c|Yangben
yao|influent-language-pack-all_0.2.1_all.deb|https://github.com/JesusQuijada34/danenone/releases/download/language-packs-v0.2.1|30f1045bb9d0d8755d6553d4cad5a2ede3ef0b12e25aa9fa53d973dee1c0c00c|Yao
yap|influent-language-pack-all_0.2.1_all.deb|https://github.com/JesusQuijada34/danenone/releases/download/language-packs-v0.2.1|30f1045bb9d0d8755d6553d4cad5a2ede3ef0b12e25aa9fa53d973dee1c0c00c|Yapese
ybb|influent-language-pack-all_0.2.1_all.deb|https://github.com/JesusQuijada34/danenone/releases/download/language-packs-v0.2.1|30f1045bb9d0d8755d6553d4cad5a2ede3ef0b12e25aa9fa53d973dee1c0c00c|Yemba
yi|influent-language-pack-all_0.2.1_all.deb|https://github.com/JesusQuijada34/danenone/releases/download/language-packs-v0.2.1|30f1045bb9d0d8755d6553d4cad5a2ede3ef0b12e25aa9fa53d973dee1c0c00c|Yiddish
yo|influent-language-pack-all_0.2.1_all.deb|https://github.com/JesusQuijada34/danenone/releases/download/language-packs-v0.2.1|30f1045bb9d0d8755d6553d4cad5a2ede3ef0b12e25aa9fa53d973dee1c0c00c|Yoruba
zap|influent-language-pack-all_0.2.1_all.deb|https://github.com/JesusQuijada34/danenone/releases/download/language-packs-v0.2.1|30f1045bb9d0d8755d6553d4cad5a2ede3ef0b12e25aa9fa53d973dee1c0c00c|Zapotec
dje|influent-language-pack-all_0.2.1_all.deb|https://github.com/JesusQuijada34/danenone/releases/download/language-packs-v0.2.1|30f1045bb9d0d8755d6553d4cad5a2ede3ef0b12e25aa9fa53d973dee1c0c00c|Zarma
zza|influent-language-pack-all_0.2.1_all.deb|https://github.com/JesusQuijada34/danenone/releases/download/language-packs-v0.2.1|30f1045bb9d0d8755d6553d4cad5a2ede3ef0b12e25aa9fa53d973dee1c0c00c|Zaza
zea|influent-language-pack-all_0.2.1_all.deb|https://github.com/JesusQuijada34/danenone/releases/download/language-packs-v0.2.1|30f1045bb9d0d8755d6553d4cad5a2ede3ef0b12e25aa9fa53d973dee1c0c00c|Zeelandic
zen|influent-language-pack-all_0.2.1_all.deb|https://github.com/JesusQuijada34/danenone/releases/download/language-packs-v0.2.1|30f1045bb9d0d8755d6553d4cad5a2ede3ef0b12e25aa9fa53d973dee1c0c00c|Zenaga
za|influent-language-pack-all_0.2.1_all.deb|https://github.com/JesusQuijada34/danenone/releases/download/language-packs-v0.2.1|30f1045bb9d0d8755d6553d4cad5a2ede3ef0b12e25aa9fa53d973dee1c0c00c|Zhuang
gbz|influent-language-pack-all_0.2.1_all.deb|https://github.com/JesusQuijada34/danenone/releases/download/language-packs-v0.2.1|30f1045bb9d0d8755d6553d4cad5a2ede3ef0b12e25aa9fa53d973dee1c0c00c|Zoroastrian Dari
zu|influent-language-pack-all_0.2.1_all.deb|https://github.com/JesusQuijada34/danenone/releases/download/language-packs-v0.2.1|30f1045bb9d0d8755d6553d4cad5a2ede3ef0b12e25aa9fa53d973dee1c0c00c|Zulu
zun|influent-language-pack-all_0.2.1_all.deb|https://github.com/JesusQuijada34/danenone/releases/download/language-packs-v0.2.1|30f1045bb9d0d8755d6553d4cad5a2ede3ef0b12e25aa9fa53d973dee1c0c00c|Zuni
